,id,date,from_id,to_id,fwd_from,message,type,duration
0,28409,2022-11-18 13:55:31+00:00,,PeerChannel(channel_id=1387701698),,@rosich_ru,video,36
1,2294239,2022-11-18 14:58:07+00:00,PeerUser(user_id=5247337093),PeerChannel(channel_id=1234644047),,"–ù–∞—à ""–ë–∞–Ω–¥–∏—Ç"" –ø–æ –∫—Ä—É—á–µüí™",text,
2,2294203,2022-11-18 14:54:37+00:00,PeerUser(user_id=1920316042),PeerChannel(channel_id=1234644047),,–°–æ–±–∞–∫—É –Ω–∞–¥–æ –æ—Å–≤–æ–±–æ–¥–∏—Ç—å.,text,
3,2294081,2022-11-18 14:38:20+00:00,PeerUser(user_id=5189351750),PeerChannel(channel_id=1234644047),,–¢–∏—à–µ —Ç—ã.ü§´–ù–µ –≥–æ–≤–æ—Ä–∏ –∏–º.–ü—É—Å—Ç—å –±—É–¥–µ—ÇüòÇ,text,
4,2294055,2022-11-18 14:30:25+00:00,PeerUser(user_id=5057662343),PeerChannel(channel_id=1234644047),,"–ù–∞–≤–µ—Ä–Ω–æ–µ –¥–∞, —Ç–∞–∫ –∏ –¥–æ–ª–∂–Ω–æ –±—ã—Ç—å, –∞ –º–æ–∂–µ—Ç –∏–∑–º–µ–Ω–∏–ª–∏—Å—å –º–µ—Ç–æ–¥—ã, –¥–∞–≤–Ω–æ —ç—Ç–æ –±—ã–ª–æ- –Ω–æ –∑–∞ —á—Ç–æ –∫—É–ø–∏–ª, –∑–∞ —Ç–æ –ø—Ä–æ–¥–∞—é. –ù–µ –æ—Ç –±–∞–±—É—à–µ–∫ —Å–ª—ã—à–∞–ª, —Ç–æ–∂–µ –∫–∏–Ω–æ–ª–æ–≥, –ø–æ–≥—Ä–∞–Ω–µ—Ü, –µ–º—É —Å–µ–π—á–∞—Å –¥–æ–ª–∂–Ω–æ –±—ã—Ç—å –ø–æ–¥ 60+-. –ö—Å—Ç–∞—Ç–∏, –¥–∞, —Ç–æ–∂–µ –æ–∑–≤—É—á–∏–≤–∞–ª–∞—Å—å —Ç–∞–∫–∞—è –∂–µ –ø—Ä–æ–¥–æ–ª–∂–∏—Ç–µ–ª—å–Ω–æ—Å—Ç—å –∂–∏–∑–Ω–∏ —Å–æ–±–∞–∫–∏- 1-2 –≥–æ–¥–∞. –¢–æ–≥–¥–∞ –∏—Å–ø–æ–ª—å–∑–æ–≤–∞–ª–∏ –¥–ª—è —ç—Ç–æ–≥–æ —Å–ø–∞–Ω–∏–µ–ª–µ–≤.",text,
5,2294044,2022-11-18 14:26:51+00:00,PeerUser(user_id=5167844891),PeerChannel(channel_id=1234644047),,–•–æ—Ö–ª–æ–≤ –Ω–∞–¥–æ –ª–∏—à–∏—Ç—å —Ö–æ–∑—è–π—Å–∫–∏—Ö –ø—Ä–∞–≤ –Ω–∞ –≤—Å–µ—Ö —Å–æ–±–∞–∫ –∏ –∫–æ—à–µ–∫! –ü—É—Å—Ç—å —Ç–∞—Ä–∞–∫–∞–Ω–æ–≤ –≤–æ—Å–ø–∏—Ç—ã–≤–∞—é—Ç.,text,
6,2294036,2022-11-18 14:25:51+00:00,PeerUser(user_id=1205698432),PeerChannel(channel_id=1234644047),,"–ò —Å–∞–ø—ë—Ä–∞–º–∏ –±–µ—Ä—É—Ç
–ú–µ–ª–∞–Ω—Ö–æ–ª–∏—á–Ω—ã—Ö —Å–æ–±–∞–∫ üòÇ—ç—Ç–∞ –Ω–∞–π–¥—ë—Ç –∏ –ø–æ–¥–æ—Ä–≤—ë—Ç.",text,
7,2294007,2022-11-18 14:20:59+00:00,PeerUser(user_id=1513206659),PeerChannel(channel_id=1234644047),,"–Ø –∫–∏–Ω–æ–ª–æ–≥–æ–º —Ç—Ä—É–¥–∏–ª—Å—è, –±—Ä–µ–¥ –æ–Ω –∑–∞—Ä–∞–∑–∏—Ç–µ–ª–µ–Ω, —Ä–∞–±–æ—á–∞—è —Å–æ–±–∞–∫–∞ –≥–æ—Ç–æ–≤–∏—Ç—å—Å—è –≥–æ–¥, –µ—Å–ª–∏ —Ç—ã –µ—ë –Ω–∞—Ä–∫–æ–º–∞–Ω–∫–æ–π —Å–¥–µ–ª–∞–µ—à—å, –æ–Ω–∞ —É —Ç–µ–±—è –≤–º–µ—Å—Ç–æ 4 –ª–µ—Ç —Ä–∞–±–æ—Ç—ã –≤ —Å—Ä–µ–¥–Ω–µ–º –ø—Ä–æ—Ä–∞–±–æ—Ç–∞–µ—Ç –≥–æ–¥ –∏–ª–∏ –¥–≤–∞ –∏ –±—É–¥–µ—Ç —Ä–∞–±–æ—Ç–∞—Ç—å –Ω–µ –≤—Å–µ —Å—É—Ç–∫–∏, –∞ —á–∞—Å –∏–ª–∏ –¥–≤–∞ –≤ –¥–µ–Ω—å.
  –≠—Ç–æ –º–∏—Ñ—ã —Ç–µ—Ö, –∫—Ç–æ –Ω–∏ —Ä–∞–∑—É –Ω–∏ –æ–¥–Ω—É —Å–æ–±–∞–∫—É –Ω–µ –ø–æ–¥–≥–æ—Ç–æ–≤–∏–ª –≤ —Å–≤–æ–µ–π –∂–∏–∑–Ω–∏",text,
8,2293993,2022-11-18 14:17:49+00:00,PeerUser(user_id=5189351750),PeerChannel(channel_id=1234644047),,"–ê–≥–∞ –¥–Ω—ë–º –Ω–∞—Ö–æ–¥–∏—Ç, –Ω–æ—á—å—é –ø–µ—Ä–µ–ø—Ä—è—Ç—ã–≤–∞–µ—Ç.–û–Ω –Ω–µ –≤–∏–Ω–æ–≤–∞—Ç —á—Ç–æ –Ω–∞ –£–∫—Ä–∞–∏–Ω–µ —Ä–æ–¥–∏–ª—Å—èü•¥",text,
9,2293965,2022-11-18 14:14:23+00:00,PeerUser(user_id=871778753),PeerChannel(channel_id=1234644047),,‚ò∫Ô∏è,sticker,
10,2293959,2022-11-18 14:13:46+00:00,PeerUser(user_id=5724934403),PeerChannel(channel_id=1234644047),,"–£ –º–µ–Ω—è –¥—Ä—É–≥ –¥–∞–ª—å–Ω–æ–±–æ–π, –≤—ã—Ä–∞—Å—Ç–∏–ª –µ–≥–æ –≤ –∫–∞–±–∏–Ω–µ –ø—Ä–∞–∫—Ç–∏—á–µ—Å–∫–∏, –Ω–∞–¥—Ä–µ—Å—Å–∏—Ä–æ–≤–∞–ª —Ç–∞–∫ —á—Ç–æ —Ö–æ—Ç—å –Ω–∞ –≤—ã—Å—Ç–∞–≤–∫–∏ –≤–æ–¥–∏.)",text,
11,2293958,2022-11-18 14:13:43+00:00,PeerUser(user_id=5057662343),PeerChannel(channel_id=1234644047),,"–ß–µ–º –ø–æ–∫–∞–∑—ã–≤–∞—Ç—å —Å–≤–æ–π —Ç–æ–Ω–∫–∏–π —é–º–æ—Ä, —Å–ø—Ä–æ—Å–∏ —Ö–æ—Ç—è–±—ã –ø–æ–≥—Ä–∞–Ω—Ü–æ–≤ –ø—Ä–æ –ª–æ–º–∫–∏ —Å–æ–±–∞—á–µ–∫- –Ω–∞—Ä–∫–æ–º–∞–Ω–æ–∫. –ì–æ–≤–æ—Ä—è—Ç –Ω–µ—Å–º–µ—à–Ω–æ –æ—á–µ–Ω—å",text,
12,2293949,2022-11-18 14:12:30+00:00,PeerUser(user_id=5286541206),PeerChannel(channel_id=1234644047),,"–û–¥–Ω–æ —Ä–∞–∑—É–º–Ω–æ–µ —Å—É—â–µ—Å—Ç–≤–æ –≤ —Ö–æ—Ö–ª—è–Ω–¥–∏–∏, –∑–∞ —Å–æ–±–æ–π –∑–∞–∫–∞–ø—ã–≤–∞–µ—Ç, –Ω–µ —Ç–æ —á—Ç–æ —Å–æ–ª–¥–∞—Ç—ã, 200 –Ω–µ –ø–æ–¥–±–∏—Ä–∞—é—Ç",text,
13,2293928,2022-11-18 14:06:23+00:00,PeerUser(user_id=2093673866),PeerChannel(channel_id=1234644047),,–ì—Ä–µ—à–Ω–æ —Å–º–µ—è—Ç—å—Å—è –Ω–∞–¥ –∂–∏–≤–æ—Ç–Ω—ã–º–∏.,text,
14,2293926,2022-11-18 14:05:38+00:00,PeerUser(user_id=483324262),PeerChannel(channel_id=1234644047),,–ü–∞—Ç—Ä–∏–∫,text,
15,2293925,2022-11-18 14:05:31+00:00,PeerUser(user_id=792821709),PeerChannel(channel_id=1234644047),,–ü—ë—Å –Ω–∞ —Å–ª—É–∂–±–µ —É –°–≤–∏–Ω–µ–π ! –°–æ—á—É—Å—Ç–≤—É—é —Å–æ–±–∞–∫–µ,text,
16,2293923,2022-11-18 14:05:27+00:00,PeerUser(user_id=1665188569),PeerChannel(channel_id=1234644047),,"–≠—Ç–∞ —Å–æ–±–∞–∫–∞ –Ω–∞—Å—Ç–æ–ª—å–∫–æ —Ä–∞—Å–ø–∏–∞—Ä–µ–Ω–∞, —á—Ç–æ –ø–æ —Å—Ä–∞–≤–Ω–µ–Ω–∏—é —Å –Ω–µ–π –≤—Å—É—á–Ω–∏–∫- –º–µ—à–æ–∫ —Å —Ç—Ä–µ–±—É—Ö–æ–π.",text,
17,2293918,2022-11-18 14:04:13+00:00,PeerUser(user_id=199695479),PeerChannel(channel_id=1234644047),,"–∞ —á—Ç–æ —ç—Ç–æ –∑–∞ ""–ø–∞—Ç—Ä–æ–Ω"". –∫—É–¥–∞ —Å–º–æ—Ç—Ä–∏—Ç –º–æ–≤–Ω—ã–π –ø–∞—Ç—Ä—É–ª—å. –ø–æ–º–æ–µ–º—É –Ω–∞ —É–∫—Ä–∞–∏–Ω—Å–∫–æ–º –ø–∞—Ç—Ä–æ–Ω –¥–æ–ª–∂–µ–Ω –Ω–µ —Ç–∞–∫ –Ω–∞–∑—ã–≤–∞—Ç—å—Å—è.",text,
18,2293917,2022-11-18 14:03:56+00:00,PeerUser(user_id=304812525),PeerChannel(channel_id=1234644047),,–£ –Ω–µ–≥–æ –µ—Å—Ç—å —à–∞–Ω—Å –≤–∑–æ—Ä–≤–∞—Ç—å—Å—è –≤–º–µ—Å—Ç–µ —Å —Ö–æ–∑—è–∏–Ω–æ–º –∏ —Å—Ç–∞—Ç—å –≥–µ—Ä–æ–µ–º,text,
19,2293916,2022-11-18 14:03:45+00:00,PeerUser(user_id=5057662343),PeerChannel(channel_id=1234644047),,–ü—Ä–æ —Å–æ–±–∞—á—å–∏ –ª–æ–º–∫–∏ —Ç–æ–∂–µ –±—Ä–µ–¥? –°–∞–º–∞ –Ω–∞–∏–≤–Ω–æ—Å—Ç—åüòÇ,text,
20,2293914,2022-11-18 14:03:00+00:00,PeerUser(user_id=5764392996),PeerChannel(channel_id=1234644047),,–ë–æ–µ–≤–æ–π –≥–Ω–æ–º –†–æ—Å–≥–≤–∞—Ä–¥–∏–∏,text,
21,2293906,2022-11-18 14:01:13+00:00,PeerUser(user_id=208388354),PeerChannel(channel_id=1234644047),,–ü–∏–≤–∞—Å,text,
22,2293905,2022-11-18 14:01:08+00:00,PeerUser(user_id=1513206659),PeerChannel(channel_id=1234644047),,"–ê –µ—Å–ª–∏ —Å–æ–±–∞–∫—É –Ω–∞ –ø–æ–∏—Å–∫ –ª—é–¥–µ–π –∏–ª–∏ –Ω–∞ —Å–ø–∞—Å–µ–Ω–∏–µ –ª—é–¥–µ–π –Ω–∞—Ç–∞—Å–∫–∏–≤–∞—é—Ç,–ø–æ —Ç–≤–æ–µ–º—É –∏—Ö —á–µ–ª–æ–≤–µ—á–∏–Ω–æ–π –∫–æ—Ä–º—è—Ç?",text,
23,2293904,2022-11-18 14:00:48+00:00,PeerUser(user_id=5433519090),PeerChannel(channel_id=1234644047),,–ü–∞—Ç—Ä–æ–Ω–∞ –ø–æ–π–º–∞–ª–∏ –Ω–∞ –æ—à–∏–±–∫–µ,text,
24,2293902,2022-11-18 14:00:31+00:00,PeerUser(user_id=1464386004),PeerChannel(channel_id=1234644047),,"–≠—Ç–æ—Ç –ø—ë—Å–∏–∫ –∫ –∑–µ–ª–µ –≤–æ –¥–≤–æ—Ä–µ—Ü –∂–µ —Ö–æ–¥–∏–ª.
–¢–∞–∫ –∏ –Ω–µ –ø–æ–Ω—è–ª–∞ –ø–æ –≤–∏–¥–µ–æ, —á—Ç–æ —Ç–∞–º –≤ –ø–ª–∞—Å—Ç–∏–∫–æ–π –±—É—Ç—ã–ª–∫–µ –≤–∑–æ—Ä–≤–∞–ª–æ—Å—å?",text,
25,2293900,2022-11-18 14:00:13+00:00,PeerUser(user_id=466132917),PeerChannel(channel_id=1234644047),,"–ù—É –¥–∞, –µ—Å–ª–∏ –≤ —Å–µ–º—å–µ 4 —á–µ–ª–æ–≤–µ–∫–∞, –∞ —Ç–æ –ø–æ–≤–µ—Å–∏—à—å—Å—è)",text,
26,2293899,2022-11-18 14:00:11+00:00,PeerUser(user_id=986068947),PeerChannel(channel_id=1234644047),,–°–ø–∞—Å–∏—Ç–µ –∂–∏–≤–æ—Ç–∏–Ω—É!,text,
27,2293898,2022-11-18 14:00:03+00:00,PeerUser(user_id=2141387170),PeerChannel(channel_id=1234644047),,–†–∞—Å—Å–µ–ª —Ñ–æ–∫—Å —Ç–µ—Ä—å–µ—Ä,text,
28,2293896,2022-11-18 13:59:41+00:00,PeerUser(user_id=5057662343),PeerChannel(channel_id=1234644047),,–ê —Ç—ã –∫–∞–∫ –¥—É–º–∞–µ—à—å? –¢–∞–ª–∞–Ω—Ç?))),text,
29,2293894,2022-11-18 13:59:10+00:00,PeerUser(user_id=5304296972),PeerChannel(channel_id=1234644047),,–ï–¥–∏–Ω—Å—Ç–≤–µ–Ω–Ω—ã–π –Ω–æ—Ä–º–∞–ª—å–Ω—ã–π —Ö–æ—Ö–æ–ª,text,
30,2293892,2022-11-18 13:59:07+00:00,PeerUser(user_id=1046252988),PeerChannel(channel_id=1234644047),,–ê –≤ –∫–æ–Ω—Ü–µ –∫—Ç–æ –¥–æ–±–∞–≤–∏–ª?üòÇ,text,
31,2293890,2022-11-18 13:59:00+00:00,PeerUser(user_id=1297104908),PeerChannel(channel_id=1234644047),,–î–∏–≤–µ—Ä—Å–∞–Ω—Ç –≤ –†–æ—Å–≥–≤–∞—Ä–¥–∏–∏?ü§£,text,
32,2293889,2022-11-18 13:59:00+00:00,PeerUser(user_id=466132917),PeerChannel(channel_id=1234644047),,–ß–µ –∑–∞ –±—Ä–µ–¥? üòÇ,text,
33,2293888,2022-11-18 13:58:40+00:00,PeerUser(user_id=5057662343),PeerChannel(channel_id=1234644047),,–ë–µ–¥–Ω–æ–µ –∂–∏–≤–æ—Ç–Ω–æ–µ –≤–≤ —Å –¥–µ—Ç—Å—Ç–≤–∞ –ø—Ä–∏–Ω–∏–º–∞–µ—Ç .–í —Ö–∞–≤–∫—É –ø–æ–¥–º–µ—à–∏–≤–∞—é—Ç,text,
34,2293886,2022-11-18 13:58:18+00:00,PeerUser(user_id=637860591),PeerChannel(channel_id=1234644047),,–ü–∞—Ç—Ä–æ–Ω –±—ã–ª –∏—Å–ø–æ–ª—å–∑–æ–≤–∞–Ωüö¨,text,
35,2293885,2022-11-18 13:58:08+00:00,PeerUser(user_id=1292195388),PeerChannel(channel_id=1234644047),,"–ñ–∞–ª–∫–æ —Å–æ–±–∞—á–∫—É, –Ω–∞—Ö–æ–¥–∏—Ç—Å—è –≤ —Ä–∞–±—Å—Ç–≤–µ —É —Å–≤–∏–Ω–µ–π",text,
36,2293884,2022-11-18 13:58:08+00:00,PeerUser(user_id=5188245701),PeerChannel(channel_id=1234644047),,"–ú–∞–ª—ã—à, –∑–Ω–∞–ª –±—ã —Ç—ã, –∫–∞–∫–æ–º—É –∑–ª—É —Å–ª—É–∂–∏—à—å...",text,
37,2293882,2022-11-18 13:58:03+00:00,PeerUser(user_id=1595756171),PeerChannel(channel_id=1234644047),,–•–∞–∑–∞–∑–∞–∑–ø—Ö–∞–∑–ø—Ö–∞—Ö,text,
38,2293881,2022-11-18 13:57:56+00:00,PeerUser(user_id=820228980),PeerChannel(channel_id=1234644047),,–ó–∞–±–∞–≤–Ω—ã–π –ø—ë—Å,text,
39,2293877,2022-11-18 13:57:18+00:00,PeerUser(user_id=1298567640),PeerChannel(channel_id=1234644047),,,video,4
40,2293875,2022-11-18 13:57:05+00:00,PeerUser(user_id=5724934403),PeerChannel(channel_id=1234644047),,–ù–∞ —Å–∞–º–æ–º –¥–µ–ª–µ –î–∂–µ–∫–∏ –∞—Ö—É–µ–Ω–Ω—ã–µ –ø–µ—Å–∏–∫–∏!),text,
41,2293874,2022-11-18 13:57:04+00:00,PeerUser(user_id=878124003),PeerChannel(channel_id=1234644047),,–°–æ–±–∞–∫–∞ –Ω–µ –≤—ã–±–∏—Ä–∞–µ—Ç –Ω–∞ –∫–∞–∫–æ–π —Å—Ç–æ—Ä–æ–Ω–µ –µ–π —Å–ª—É–∂–∏—Ç—å,text,
42,2293871,2022-11-18 13:56:30+00:00,PeerUser(user_id=466132917),PeerChannel(channel_id=1234644047),,–î–∂–µ–∫ –†–∞—Å—Å–µ–ª,text,
43,28408,2022-11-18 13:32:47+00:00,,PeerChannel(channel_id=1387701698),,"–¢–æ–≤–∞—Ä–∏—â–∏ –†–æ—Å–∏—á–∏ 

–í–æ–ø—Ä–æ—Å, –≥–¥–µ –º–æ–∂–Ω–æ —Å–µ–π—á–∞—Å —à–ª–µ–º –≤–∑—è—Ç—å? 

@rosich_ru",text,
44,2294163,2022-11-18 14:49:58+00:00,PeerUser(user_id=5516152467),PeerChannel(channel_id=1234644047),,"–ü–∞–Ω–∏–∫–æ–≤–∞—Ç—å –ø–µ—Ä–µ—Å—Ç–∞–µ–º —Ç–æ–≤–∞—Ä–∏—â–∏. –¢—É—Ç —Ç–∞–∫–∞—è –∂–µ —Ç–µ–º–∞ –∫–∞–∫ –∏ —Å –º–∞—Å–∫–∏ –ø—Ä–∏ –∫–æ–≤–∏–¥–µ. –ö–æ–≥–¥–∞ –æ–Ω–∏ –Ω–µ –Ω—É–∂–Ω—ã –±—ã–ª–∏ –∏—Ö –±—ã–ª–æ –º–Ω–æ–≥–æ, –∫–∞–∫ –≤–¥—Ä—É–≥ –≤—Å–µ–º –ø–æ–Ω–∞–¥–æ–±–∏–ª–∏—Å—å , —Ç–æ –≤—Å–µ —É–∂–µ —Ä–∞–∑–æ–±—Ä–∞–ª–∏ , —Å–µ–π—á–∞—Å —Å–¥–µ–ª–∞—é—Ç –ø—Ä–æ–∏–∑–≤–æ–¥—Å—Ç–≤–µ–Ω–Ω—ã–π –±—É—Ñ–µ—Ä —Å–¥–µ–ª–∞—é—Ç –∏ –Ω–∞–ª–∞–¥—è—Ç –º–∞—Å—Å–æ–≤—ã–π –≤—ã–ø—É—Å–∫ –∏ –±—É–¥–µ—Ç –≤—Å–µ –Ω–æ—Ä–º.",text,
45,2294159,2022-11-18 14:49:02+00:00,PeerUser(user_id=300238317),PeerChannel(channel_id=1234644047),,–£ –∞—Ç–ª–∞—Å–∞ –æ—á–µ—Ä–µ–¥—å –Ω–∞–¥–æ–ª–≥–æ –≤–ø–µ—Ä—ë–¥,text,
46,2294149,2022-11-18 14:47:44+00:00,PeerUser(user_id=5516152467),PeerChannel(channel_id=1234644047),,–ö–æ–≥–æ –∫–∏—Ä–∑–∞—á–æ–º —É–µ–±–∞—Ç—å —Ç–æ ? –ú–æ–∂–µ—Ç —Ç–µ–±—è —á—Ç–æ–± –Ω–∞ –∑–∞–≤–æ–¥ –ø–æ—à–µ–ª –∏—Ö –¥–µ–ª–∞—Ç—å ? –ö—Ç–æ –¥–µ–ª–∞–µ—Ç –¥–∞–≤–Ω–æ —É–∂–µ —Ç–∞–º –≤ —Ç—Ä–∏ —Å–º–µ–Ω—ã —Ö–µ—Ä–∞—á–∞—Ç.,text,
47,2293929,2022-11-18 14:06:37+00:00,PeerUser(user_id=498785668),PeerChannel(channel_id=1234644047),,"–û—Ä–∏–≥–∏–Ω–∞–ª,  —Å –∫–æ—Ç–æ—Ä–æ–≥–æ –æ–Ω —É –≤–∞–º –Ω–µ –æ—á–µ–Ω—å —Ç–æ—á–Ω–æ —Å—Ä–∏—Å–æ–≤–∞–Ω, –Ω–∞—Ö–æ–¥–∏—Ç—Å—è –≤ –≠—Ä–º–∏—Ç–∞–∂–µ!",text,
48,2293913,2022-11-18 14:02:41+00:00,PeerUser(user_id=304812525),PeerChannel(channel_id=1234644047),,–° –º–æ–∑–≥–∞–º–∏,text,
49,2293903,2022-11-18 14:00:33+00:00,PeerUser(user_id=2041522828),PeerChannel(channel_id=1234644047),,–° –º–µ—Ä—Ç–≤–æ–≥–æ —Ö–æ—Ö–ª–∞ü§ô,text,
50,2293870,2022-11-18 13:55:41+00:00,PeerUser(user_id=1990579175),PeerChannel(channel_id=1234644047),,–î–ª—è –Ω–∞—à–∏—Ö –º–æ–±–∏–ª–∏–∑–æ–≤–∞–Ω–Ω—ã—Ö —ç—Ç–æ –∫–∞—Å–∫–∏ 41 –≥–æ–¥–∞ –∏ —Ç–æ –∫–æ–º—É –ø–æ–≤–µ–∑–µ—Çüò•—É–∂–µ –≤–∏–¥–µ–ª–∏ –≤–∏–¥–µ–æ –∏ —Ñ–æ—Ç–æ,text,
51,2293869,2022-11-18 13:55:39+00:00,PeerUser(user_id=5696976090),PeerChannel(channel_id=1234644047),,–£ –Ω–∞—Å –∂–∏–¥—ã. –ü–æ–º–æ–≥–∞–µ–º - –º—ã –≥—Ä–∞–∂–¥–∞–Ω–µ —Å–≤–æ–µ–π —Å—Ç—Ä–∞–Ω—ã. –ò –Ω–µ –≤—Å–µ –±–æ–≥–∞—Ç—ã.,text,
52,2293864,2022-11-18 13:53:58+00:00,PeerUser(user_id=5609517995),PeerChannel(channel_id=1234644047),,From dead ukrop.,text,
53,2293861,2022-11-18 13:52:47+00:00,PeerUser(user_id=5604024629),PeerChannel(channel_id=1234644047),,"–ü–æ—Ç–æ–º—É—á—Ç–æ –∏—Ö —Å–Ω–∞–±–∂–∞–µ—Ç –∑–∞–ø–∞–¥–Ω—ã–π ""—Ü–∏–≤–∏–ª–∏–∑–æ–≤–∞–Ω–Ω—ã–π"" –º–∏—Ä. –í–æ–π–Ω–∞ –≤ –ø–µ—Ä–≤—É—é –æ—á–µ—Ä–µ–¥—å –≤–æ–π–Ω–∞ —ç–∫–æ–Ω–æ–º–∏–∫",text,
54,2293860,2022-11-18 13:52:36+00:00,PeerUser(user_id=225289294),PeerChannel(channel_id=1234644047),,–í –ò—Ä–∞–Ω–µ,text,
55,2293859,2022-11-18 13:52:16+00:00,PeerUser(user_id=487962234),PeerChannel(channel_id=1234644047),,–ü—Ä–∞–≤–¥–∞ –µ—Ö–∞—Ç—å –µ–º—É —Å –í–ª–∞–¥–∏–≤–æ—Å—Ç–æ–∫–∞ –¥–æ–ª–≥–æ ü§∑üèº‚Äç‚ôÇÔ∏è,text,
56,2293858,2022-11-18 13:51:31+00:00,PeerUser(user_id=426077399),PeerChannel(channel_id=1234644047),,"—ç—Ç–æ –¥–ª—è –Ω–∞—à–∏—Ö, –º–æ–±–∏–ª–∏–∑–æ–≤–∞–Ω–Ω—ã—Ö",text,
57,2293856,2022-11-18 13:51:13+00:00,PeerUser(user_id=487962234),PeerChannel(channel_id=1234644047),,https://www.farpost.ru/vladivostok/clothes/overall/shlem-obshevojskovoj-6b47-ratnik-70864093.html,text,
58,2293854,2022-11-18 13:49:59+00:00,PeerUser(user_id=1570224665),PeerChannel(channel_id=1234644047),,–ß–∏—Ç–∞–ª –≥–¥–µ —Ç–æ —á—Ç–æ –ü–æ—Ç–∞–Ω–∏–Ω –µ–∂–µ–º–µ—Å—è—á–Ω–æ –≤—ã–¥–µ–ª—è–µ—Ç —Å—Ä–µ–¥—Å—Ç–≤–∞ –¥–ª—è –°–í–û. –ù–æ –Ω–µ —Ñ–∞–∫—Ç,text,
59,2293852,2022-11-18 13:49:41+00:00,PeerUser(user_id=5183745974),PeerChannel(channel_id=1234644047),,"–£ –Ω–∞—Å –ø—Ä–æ–±–ª–µ–º—ã –≤ –ø–∏–¥–∂–∞–∫–∞—Ö —Å–∏–¥—è—Ç –≤ –∫–∞–±–∏–Ω–µ—Ç–∞—Ö, –∫–∏–ª–æ–≥—Ä–∞–º–º —Ç–∞–∫ –Ω–∞ 150 –ø—Ä–æ–±–ª–µ–º—ãüòâ",text,
60,2293851,2022-11-18 13:49:16+00:00,PeerUser(user_id=5237799192),PeerChannel(channel_id=1234644047),,"–ú–æ–±–∏–ª–∏–∑–æ–≤–∞—Ç—å—Å—èü´° –¢–∞–º –∏ —à–ª–µ–º, –∏ –∞–≤—Ç–æ–º–∞—Ç –¥–∞–¥—É—Ç.",text,
61,2293849,2022-11-18 13:48:49+00:00,PeerUser(user_id=2024022652),PeerChannel(channel_id=1234644047),,"–£ —Ö–æ—Ö–ª–æ–≤, –∏—Ö –º–µ—Å—Ç–Ω—ã–µ –æ–ª–∏–≥–∞—Ä—Ö–∏, –Ω–∞ –æ—Ö—Ä–µ–Ω–µ–Ω–Ω—ã–µ —Å—É–º–º—ã, –∑–∞–∫—É–ø–∞–µ—Ç –∫–æ–º–ø–ª–µ–∫—Ç—ã —Å–Ω–∞—Ä—è–∂–µ–Ω–∏—è –¥–ª—è –í–°–£–∫ –Ω–∞ —Å–æ—Ç–Ω–∏ —Ç—ã—Å—è—á –≥–æ–ª–æ–≤. –ö—Ç–æ-–Ω–∏–±—É–¥—å —Å–ª—ã—à–∞–ª –æ —á—ë–º-—Ç–æ –ø–æ–¥–æ–±–Ω–æ–º –æ—Ç ""–Ω–∞—à–∏—Ö"" –±—É—Ä–∂—É–µ–≤ –¥–ª—è —Ä–æ—Å—Å–∏–π—Å–∫–∏—Ö –±–æ–π—Ü–æ–≤‚ÅâÔ∏è –í–æ—Ç –∏ –æ—Ç–≤–µ—Ç.",text,
62,2293848,2022-11-18 13:48:23+00:00,PeerUser(user_id=5604024629),PeerChannel(channel_id=1234644047),,–£ –º–µ–Ω—è –µ—Å—Ç—å.—è –∑–∞ –ª–µ–Ω—Ç–æ–π —Ç–æ–ª—å–∫–æ,text,
63,2293847,2022-11-18 13:48:01+00:00,PeerUser(user_id=5183745974),PeerChannel(channel_id=1234644047),,"–Ø –¥—É–º–∞—é –æ–Ω–∏ —É–∂–µ –¥—ã—Ä—è–≤—ã–µ, –∫–∞—Ç–µ–ª–æ–∫ –≤ —Ç–∞–∫–∏—Ö –ø—Ä–æ—Å—Ç—É–¥–∏—Ç—å –º–æ–∂–Ω–æüòÅ",text,
64,2293846,2022-11-18 13:47:25+00:00,PeerUser(user_id=135681906),PeerChannel(channel_id=1234644047),,–í –ª–∏—á–∫—É –Ω–∞–ø–∏—à–∏. –ó–∞–≤—Ç—Ä–∞ –æ—Ç–¥–∞–º. Mich —á–µ—Ä–Ω—ã–π. –õ–µ–∂–∏—Ç –±–µ–∑ –¥–µ–ª–∞. –£ –º–µ–Ω—è Fast –¥–ª—è —Å–µ–±—è –µ—Å—Ç—å. –í –ú–°–ö,text,
65,2293842,2022-11-18 13:46:06+00:00,PeerUser(user_id=5183745974),PeerChannel(channel_id=1234644047),,"–ù–µ –∫–∞–∂–µ—Ç—Å—è, –∫–∞—á–µ—Å—Ç–≤–æ —ç—Ç–æ–≥–æ –∑–∞ 3 –∫–æ–ø–µ–π–∫–∏ —É–Ω—ã–ª–æ–≥–æ –≥–æ–≤–Ω–∞, –∞ –Ω–µ –ª–µ–≥—á–µ –ª–∏ –ü–ò–ù–û–ö –ö–ï–†–ó–ê–ß–Å–ú –£–ï**–¢–¨ –°–í–û–ú –ß–¢–û–ë–´ –î–ï–õ–ê–¢–¨ –ù–ê–ß–ê–õ–ò? –ö–∞–∫ —Ç–∞–∫–∞—è –∏–¥–µ—è –º–º–º?üòâ",text,
66,2293839,2022-11-18 13:45:25+00:00,PeerUser(user_id=1168297146),PeerChannel(channel_id=1234644047),,"–î–∞ –ø—Ä–æ–±–ª–µ–º —Ö–≤–∞—Ç–∞–µ—Ç. –ò–Ω—Ç–µ—Ä–µ—Å–Ω–æ, –æ–Ω–∏ —Ä–µ—à–∞—é—Ç—Å—è, —Ö–æ—Ç—å –º–∞–ª–µ–Ω—å–∫–∏–º–∏ —à–∞–≥–∞–º–∏.",text,
67,2293837,2022-11-18 13:44:53+00:00,PeerUser(user_id=738617671),PeerChannel(channel_id=1234644047),,"–í –ø–∞—Å–∞–¥–∫–µ –ø–æ–¥ –Ω–æ–≤–æ–π –∫–∞–º–µ–Ω–∫–æ–π (–•–µ—Ä—Å–æ–Ω—Å–∫–∞—è –æ–±–ª–∞—Å—Ç—å) —Ç–∞–º –º–Ω–æ–≥–æ –º–æ–∂–Ω–æ —à–ª–µ–º–æ–≤ –æ–±—Ä–∞–∑—Ü–∞ ""–ù–ê–¢–û –Ω–∞–¥—ã–±–∞—Ç—å –∫–æ–æ—Ä–¥–∏–Ω–∞—Ç—ã —Ö5225401 —É 6545112",text,
68,2293835,2022-11-18 13:44:41+00:00,PeerUser(user_id=1324394025),PeerChannel(channel_id=1234644047),,–£ –Ω–∞—Å –ø—Ä–æ–±–ª–µ–º—ã —Å –ø—Ä–æ–∏–∑–≤–æ–¥—Å—Ç–≤–æ–º –∫–æ–º–ø–æ–∑–∏—Ç–Ω—ã—Ö –º–∞—Ç–µ—Ä–∏–∞–ª–æ–≤. –í—Å–µ –Ω–µ –ø—Ä–æ—Å—Ç–æ,text,
69,2293832,2022-11-18 13:44:15+00:00,PeerUser(user_id=5183745974),PeerChannel(channel_id=1234644047),,"–°–æ–∑–¥–∞–≤–∞—Ç—å –Ω–∏—á–µ–≥–æ –Ω–µ –Ω—É–∂–Ω–æ, –≤—Å—ë —É–∂–µ —Å–æ–∑–¥–∞–Ω–æ, —Ç–æ–ª—å–∫–æ –≤ –º–∏–∑–µ—Ä–Ω—ã—Ö –∫–æ–ª–ª–∏—á–µ—Å—Ç–≤–∞—Ö, –∏–±–æ –Ω–µ –≤—ã–≥–æ–¥–Ω–æ, –∞ –≤ –ö–∏—Ç–∞–µ –∑–∞ –∫–æ–ø–µ–π–∫—Éüòè",text,
70,2293829,2022-11-18 13:43:46+00:00,PeerUser(user_id=914167509),PeerChannel(channel_id=1234644047),,"–¢–µ–±–µ –Ω–µ –∫–∞–∂–µ—Ç—Å—è,—á—Ç–æ —Å–µ–π—á–∞—Å –Ω–∞–¥–æ –∏ –ø–æ 3 –∫–æ–ø–µ–π–∫–∏ –±—Ä–∞—Ç—å ,—á—Ç–æ –±—ã –∑–∞–∫—Ä—ã—Ç—å –Ω–∏–∑—à—É",text,
71,2293828,2022-11-18 13:43:34+00:00,PeerUser(user_id=1022379541),PeerChannel(channel_id=1234644047),,–í –ò—Ä–∞–Ω–µ üòè,text,
72,2293821,2022-11-18 13:42:02+00:00,PeerUser(user_id=867652569),PeerChannel(channel_id=1234644047),,–ú–æ–∂–µ—Ç –ø–æ —Ç–∏—Ä–∞–º –∏ –ø–µ–π–Ω–±–æ–ª–∞–º –ø–æ–∏—Å–∫–∞—Ç—å,text,
73,2293820,2022-11-18 13:42:01+00:00,PeerUser(user_id=1168297146),PeerChannel(channel_id=1234644047),,–ê –≤–µ–¥—å –º–æ–∂–µ–º —Å–æ–∑–¥–∞—Ç—å. –î–∞–∂–µ –ø—Ä–æ—Å—Ç–æ —Å–∫–æ–ø–∏—Ä–æ–≤–∞—Ç—å. –ù–æ —á–µ–≥–æ —Ç–æ –≤—Å–µ –ø–æ–∫—É–ø–∞–µ–º.,text,
74,2293816,2022-11-18 13:41:31+00:00,PeerUser(user_id=5116747806),PeerChannel(channel_id=1234644047),,"–ê–≤–∏—Ç–æ, –ê–ª–∏, –∞—Ç–ª–∞—Å, —Å–ø–µ—Ü–∏–∞–ª–∏–∑–∏—Ä–æ–≤–∞–Ω–Ω—ã–µ –º–∞–≥–∞–∑–∏–Ω—ã –≤ –í–ö, –±–∞—Ä–∞—Ö–æ–ª–∫–∏, –ø—Ä–∏ –¥–æ—Å—Ç–∞—Ç–æ—á–Ω–æ–º —É—Ä–æ–≤–Ω–µ —É–¥–∞—á–∏ –≤—ã–¥–∞–¥—É—Ç",text,
75,2293815,2022-11-18 13:41:28+00:00,PeerUser(user_id=682892979),PeerChannel(channel_id=1234644047),,"–¢–æ—á–Ω–æ, –Ω–∞–¥—Ä–∞–ª–∏ –≤—Å–µ–º –∑–∞–¥–Ω–∏—Ü—É, –Ω–∞ –º–Ω–æ–≥–∏—Ö —Å–∞–π—Ç–∞—Ö —ç–∫–∏–ø–∏—Ä–æ–≤—â–∏–∫–æ–≤ (–≤ –∑–∞–ø–∞–¥–Ω—ã—Ö) –¥–æ –ª–µ—Ç–∞ –±–∞–ª—Ç–∏–π—Å–∫–∏—Ö –∂–∏–ª–µ—Ç–æ–≤ –∏ —à–ª–µ–º–æ–≤ –≤ –ø—Ä–æ–¥–∞–∂–µ –Ω–µ –±—ã–ª–æ.ü§∑‚Äç‚ôÇÔ∏è",text,
76,2293814,2022-11-18 13:41:19+00:00,PeerUser(user_id=5183745974),PeerChannel(channel_id=1234644047),,"–ù–∞—Ö—Ä–µ–Ω –ö–∏—Ç–∞–π –∏ –ò—Ä–∞–Ω, –≤—Å—ë –ø—Ä–∏—Å—É—Ç—Å—Ç–≤—É–µ—Ç –∏ —É –Ω–∞—Å, —Ç–æ–ª—å–∫–æ –Ω–∞—à–∏–º –≥–∞–≤–Ω—é–∫–∞–º –ª–µ–≥—á–µ –≤ –ö–∏—Ç–∞–µ –∑–∞ 3 –∫–æ–ø–µ–π–∫–∏ –≤–∑—è—Ç—å, —á–µ–º —Å–≤–æ—ë —Å–¥–µ–ª–∞—Ç—å! –í–æ—Ç —Å —ç—Ç–∏–º –Ω—É–∂–Ω–æ –±–æ—Ä–æ—Ç—å—Å—è!üòâ",text,
77,2293813,2022-11-18 13:41:16+00:00,PeerUser(user_id=866963659),PeerChannel(channel_id=1234644047),,–£ —Ç–æ–≤–∞—Ä–∏—â–∞ –ø—Ä–∞–ø–æ—Ä—â–∏–∫–∞ —Å –±–ª–∏–∂–∞–π—à–µ–π –≤/—á –ø–æ–∏–Ω—Ç–µ—Ä–µ—Å—É–π—Ç–µ—Å—å,text,
78,2293812,2022-11-18 13:41:14+00:00,PeerUser(user_id=331555471),PeerChannel(channel_id=1234644047),,–í—Å—ë –Ω–æ—Ä–º–∞–ª—å–Ω–æ–µ –≤—ã–≥—Ä–µ–±–ª–∏ —É–∂–µ,text,
79,2293803,2022-11-18 13:40:29+00:00,PeerUser(user_id=957180234),PeerChannel(channel_id=1234644047),,ü™ñ –≤–æ—Ç –¥–µ—Ä–∂–∏,text,
80,2293801,2022-11-18 13:40:01+00:00,PeerUser(user_id=804506740),PeerChannel(channel_id=1234644047),,–ù–æ—Ä–º–∞–ª—å–Ω—ã–µ —Ö–æ—Ç—å?,text,
81,2293799,2022-11-18 13:39:58+00:00,PeerUser(user_id=5696976090),PeerChannel(channel_id=1234644047),,–°–∞–º –∏—â—É.,text,
82,2293798,2022-11-18 13:39:33+00:00,PeerUser(user_id=914167509),PeerChannel(channel_id=1234644047),,"–ù–µ —Ö–æ—Ö–ª—ã ,–∞ –≤—Å–µ –ù–ê–¢–û , —Ä–∞–∑–Ω–∏—Ü—É —á—É–µ—à—å ? –£ –Ω–∏—Ö —Ç—ã–ª —ç—Ç–æ –ù–ê–¢–û ,—É –Ω–∞—Å —Ç—ã–ª —ç—Ç–æ –º—ã —Å–∞–º–∏ –∏ —á–∞—Å—Ç–∏—á–Ω–æ –ò—Ä–∞–Ω , –≤–æ–∑–º–æ–∂–Ω–æ—Å—Ç—å –ö–∏—Ç–∞–π —á—Ç–æ-—Ç–æ –¥–ª—è —Ç–µ—Ö–Ω–∏–∫–∏ –ø–æ—Å—Ç–∞–≤–ª—è–µ—Ç,—Ç–∏–ø–∞ —Ç–µ–ø–ª–∞–∫–æ–≤ –∏ –ø–æ–ª—É–ø—Ä–æ–≤–æ–¥–Ω–∏–∫–æ–≤",text,
83,2293797,2022-11-18 13:39:09+00:00,PeerUser(user_id=1466628705),PeerChannel(channel_id=1234644047),,"–ö–∏—Ç–∞–π –≤—Å—ë, –∫—Å—Ç–∞—Ç–∏ –≤ –ú–æ—Å–∫–≤–µ –æ—Ç–¥–µ–ª—å–Ω—ã–µ –ª–∏—á–Ω–æ—Å—Ç–∏ –ø—Ä–æ–¥–∞—é—Ç –∑–∞ 65 —Ç—ã—Å—è—á —Ç–æ —á—Ç–æ –ø–æ–∫—É–ø–∞—é—Ç –≤ –ö–∏—Ç–∞–µ –º–∞–∫—Å–∏–º—É–º –∑–∞ 10",text,
84,2293794,2022-11-18 13:39:01+00:00,PeerUser(user_id=804506740),PeerChannel(channel_id=1234644047),,"–î–æ—Ä–æ–≥–æ —É –Ω–∏—Ö, –≤—Ä–æ–¥–µ –Ω–∞—à–µ –ø—Ä–æ–∏–∑–≤–æ–¥—Å—Ç–≤–æ",text,
85,2293789,2022-11-18 13:38:28+00:00,PeerUser(user_id=914167509),PeerChannel(channel_id=1234644047),,–ê–ª–∏–∫,text,
86,2293786,2022-11-18 13:37:59+00:00,PeerUser(user_id=513310393),PeerChannel(channel_id=1234644047),,"–≤—Å–µ –Ω–∞ –ê–ª–∏, –º—ã –Ω–∞ –ê–ª–∏)",text,
87,2293785,2022-11-18 13:37:51+00:00,PeerUser(user_id=5431829616),PeerChannel(channel_id=1234644047),,–û–ø—Å–∫–æ—Ä 25 —Ä—É–±–ª–µ–π –≤—Ä–æ–¥–µ —É –Ω–µ–≥–æ —Å—Ç–æ–∏—Ç,text,
88,2293783,2022-11-18 13:37:44+00:00,PeerUser(user_id=199043663),PeerChannel(channel_id=1234644047),,"—á–∞—â–µ –≤—Å–µ–≥–æ –æ–Ω–∏ –≤—Å–µ –≤ –Ω–æ–ª—å –≤—ä–µ–±–∞–Ω–Ω—ã–µ. –°–Ω–∏–º–∞—Ç—å, —Ç–æ –≤–º–µ—Å—Ç–µ —Å —à–∞–ø–∫–æ–π)",text,
89,2293781,2022-11-18 13:37:35+00:00,PeerUser(user_id=431319673),PeerChannel(channel_id=1234644047),,"–ó–∞–∫–∞–∑—ã–≤–∞–ª –Ω–∞ –æ–∑–æ–Ω–µ –¥–≤–∞ —à–ª–µ–º–∞, —É—Ö–∏–π –∏ –±–µ–∑—É—Ö–∏–π, —É—Ö–∏–π –∑–∞ 14–∫, –±–µ–∑—É—Ö–∏–π –∑–∞ 30–∫, –Ω–æ –±–µ–∑—É—Ö–∏–π —Å –∫–∏—Ç–∞–π—Å–∫–æ–π —Ç–∏–º –≤–µ–Ω–¥–∏",text,
90,2293779,2022-11-18 13:37:24+00:00,PeerUser(user_id=650620511),PeerChannel(channel_id=1234644047),,–ù–∞ –∫–∞–∫—É—é —Å—É–º–º—É —Ä–∞—Å—á–∏—Ç—ã–≤–∞–µ—Ç–µ?,text,
91,2293775,2022-11-18 13:37:06+00:00,PeerUser(user_id=5954251579),PeerChannel(channel_id=1234644047),,–û–ø–µ—Ä–µ–¥–∏–ª!,text,
92,2293772,2022-11-18 13:37:02+00:00,PeerUser(user_id=1990579175),PeerChannel(channel_id=1234644047),,–ü–æ—á–µ–º—É —É –Ω–∞—Å –Ω–µ—Ç –∑–∞–ø–∞—Å–∞?  –•–æ—Ö–ª—ã —É–∂–µ –∞—Ä–º–∏—é —Å–Ω–∞–±–¥–∏–ª–∏ –∏ 300 —Ç—ã—Å—è—á –∫–æ–º–ø–ª–µ–∫—Ç–æ–≤ –∑–∞–ø–∞—Å–ª–∏ –Ω–∞ –±—É–¥—É—â–µ–µ,text,
93,2293767,2022-11-18 13:36:47+00:00,PeerUser(user_id=1505388788),PeerChannel(channel_id=1234644047),,–ù–∞ –ê–≤–∏—Ç–æ,text,
94,2293766,2022-11-18 13:36:38+00:00,PeerUser(user_id=5431829616),PeerChannel(channel_id=1234644047),,,text,
95,2293763,2022-11-18 13:36:11+00:00,PeerUser(user_id=613666002),PeerChannel(channel_id=1234644047),,–ù–∞ –ê–ª–∏ –æ–±—â–µ–≤–æ–π—Å–∫–æ–≤—ã–µ –ø–æ 4 —Ä—É–±–ª—è –ø—Ä–æ–¥–∞—é—Ç üòÅ,text,
96,2293759,2022-11-18 13:35:55+00:00,PeerUser(user_id=814369744),PeerChannel(channel_id=1234644047),,–ï—Å—Ç—å –∫–æ–º–ø–∞–Ω–∏—è –≥–¥–µ —Ç–æ –ø–æ–¥ –ß–µ–ª—è–±–∏–Ω—Å–∫–æ–º –≤—ã–ø—É—Å–∫–∞–µ—Ç —à–ª–µ–º–∞ –±–∞–ª–ª–∏—Å—Ç–∏—á–µ—Å–∫–∏–µ üòá,text,
97,2293754,2022-11-18 13:35:39+00:00,PeerUser(user_id=199043663),PeerChannel(channel_id=1234644047),,https://bronegilet.ru/broneshlem/shbm-ao/,text,
98,2293753,2022-11-18 13:35:35+00:00,PeerUser(user_id=5773211338),PeerChannel(channel_id=1234644047),,–≤ Call of duty,text,
99,2293751,2022-11-18 13:35:18+00:00,PeerUser(user_id=899274915),PeerChannel(channel_id=1234644047),,–£ –∞—Ä—Å–æ–≤ –Ω–µ—Ç?,text,
100,2293750,2022-11-18 13:35:15+00:00,PeerUser(user_id=1509728372),PeerChannel(channel_id=1234644047),,"–í–∏–¥ —à–ª–µ–º–∞?  –° —Ä–µ–ª—å—Å–∞–º–∏, —à—Ä–∞—É–¥–æ–º –∏–ª–∏ –ø–∞—Å–≥–∞—Ç —Å–æ–π–¥—ë—Ç?",text,
101,2293745,2022-11-18 13:34:52+00:00,PeerUser(user_id=1044136886),PeerChannel(channel_id=1234644047),,–†–∞—Ç–Ω–∏–∫ —Ç–∞–∫—Ç–∏–∫–∞–ª –≤ –Ω–∞–ª–∏—á–∏–∏ –µ—Å—Ç—å –ø–æ NJ3,text,
102,2293743,2022-11-18 13:34:45+00:00,PeerUser(user_id=609705472),PeerChannel(channel_id=1234644047),,–í –º–∏–ª–∏—Ç–∞—Ä–∏ –º–∞—Ä–∫–µ—Ç–µ,text,
103,2293742,2022-11-18 13:34:45+00:00,PeerUser(user_id=5708714936),PeerChannel(channel_id=1234644047),,"–î–∞ —á—Ç–æ —Ä–∏—Å–∫–æ–≤–∞—Ç—å –ø–æ –æ—Ç–∑—ã–≤–∞–º, —Ç–∞–º –∏ –≤–∑—è–ª. –í –ê–ª–∏)",text,
104,2293738,2022-11-18 13:34:25+00:00,PeerUser(user_id=5093731734),PeerChannel(channel_id=1234644047),,"–£ —Ö–æ—Ö–ª–æ–≤ —à–ª–µ–º–æ–≤ –Ω–µ—Ç—É ,—è —Å–ø—Ä–∞—à–∏–≤–∞–ª ,—É –Ω–∏—Ö —Ç–æ–ª—å–∫–æ –∫–∞—Å—Ç—Ä—é–ª–∏ .",text,
105,2293735,2022-11-18 13:34:12+00:00,PeerUser(user_id=1292806795),PeerChannel(channel_id=1234644047),,–ù–∞ –ê–≤–∏—Ç–æ –∑–∞ –ø–æ–ª –∫–æ–ø–µ–π–∫–∏,text,
106,2293733,2022-11-18 13:34:06+00:00,PeerUser(user_id=737561707),PeerChannel(channel_id=1234644047),,–ê—Ä–∫–æ–Ω–∞ —Ç–∞–∫—Ç–∏–∫–∞–ª,text,
107,2293731,2022-11-18 13:33:59+00:00,PeerUser(user_id=441330186),PeerChannel(channel_id=1234644047),,–∞–≤–∏—Ç–æ,text,
108,2293730,2022-11-18 13:33:57+00:00,PeerUser(user_id=1055865165),PeerChannel(channel_id=1234644047),,"–ù–∞ —Å–∫–ª–∞–¥–µ –ú–∏–Ω–æ–±–æ—Ä–æ–Ω—ã, —á—Ç–æ –∑–∞ –≥–ª—É–ø—ã–µ –≤–æ–ø—Ä–æ—Å—ã",text,
109,2293729,2022-11-18 13:33:56+00:00,PeerUser(user_id=5545710275),PeerChannel(channel_id=1234644047),,–ù—É —Ç–æ–≥–¥–∞ —Å –ê–ª–∏—ç–∫—Å–ø—Ä–µ—Å—Å —Ä–∏—Å–∫–Ω—É—Ç—å –º–æ–∂–Ω–æ,text,
110,2293728,2022-11-18 13:33:51+00:00,PeerUser(user_id=1044136886),PeerChannel(channel_id=1234644047),,–ê—Ç–ª–∞—Å,text,
111,2293725,2022-11-18 13:33:41+00:00,PeerUser(user_id=1755299371),PeerChannel(channel_id=1234644047),,–ê–ª–∏,text,
112,2293724,2022-11-18 13:33:36+00:00,PeerUser(user_id=5510622402),PeerChannel(channel_id=1234644047),,–ê–≤–∏—Ç–æ,text,
113,2293723,2022-11-18 13:33:30+00:00,PeerUser(user_id=1208962761),PeerChannel(channel_id=1234644047),,–ê–ª–∏ —ç–∫—Å–ø—Ä–µ—Å,text,
114,2293722,2022-11-18 13:33:30+00:00,PeerUser(user_id=1454962423),PeerChannel(channel_id=1234644047),,–° –¥–æ—Ö–ª–æ–≥–æ —Ö–æ—Ö–ª–∞ üò∂ –∞ —Ç–∞–∫ –±–µ–¥–∞ –ø–æ –∏–¥–µ–µ —Å –Ω–∏–º–∏,text,
115,2293721,2022-11-18 13:33:27+00:00,PeerChannel(channel_id=1387701698),PeerChannel(channel_id=1234644047),,–ë–∞–ª–ª–∏—Å—Ç–∏—á–µ—Å–∫–∏–π,text,
116,2293719,2022-11-18 13:33:20+00:00,PeerUser(user_id=650620511),PeerChannel(channel_id=1234644047),,–ö–∞–∫–æ–π —à–ª–µ–º –∏–º–µ–Ω–Ω–æ?,text,
117,2293718,2022-11-18 13:33:17+00:00,PeerUser(user_id=5708714936),PeerChannel(channel_id=1234644047),,–û–∑–æ–Ω,text,
118,2293716,2022-11-18 13:33:13+00:00,PeerUser(user_id=673290927),PeerChannel(channel_id=1234644047),,–í –∏—Ä–∞–Ω–µ,text,
119,2293714,2022-11-18 13:33:07+00:00,PeerUser(user_id=424396253),PeerChannel(channel_id=1234644047),,–° —Ö–æ—Ö–ª–∞ —Å–Ω—è—Ç—å,text,
120,28407,2022-11-18 13:24:57+00:00,,PeerChannel(channel_id=1387701698),"MessageFwdHeader(date=datetime.datetime(2022, 11, 18, 13, 23, 31, tzinfo=datetime.timezone.utc), imported=False, from_id=PeerChannel(channel_id=1752720583), from_name=None, channel_post=1462, post_author='A Garmaev', saved_from_peer=None, saved_from_msg_id=None, psa_type=None)","–ë–æ–µ–≤–æ–π —Ç–æ–≤–∞—Ä–∏—â –Ω–∞—à–∏—Ö –≤–æ–∏–Ω–æ–≤ —Å –ë—É—Ä—è—Ç–∏–∏ –≤ –∑–æ–Ω–µ –ø—Ä–æ–≤–µ–¥–µ–Ω–∏—è –°–í–û) –∫—Å—Ç–∞—Ç–∏ –º–Ω–æ–≥–∏—Ö —É–∂–µ –ø—Ä–∏–≤–µ–∑–ª–∏ –¥–æ–º–æ–π –≤ –ë—É—Ä—è—Ç–∏—é –Ω–∞—à–∏ –±–æ–π—Ü—ã) —Ä–∞–¥ –±—ã–ª –≤–∏–¥–µ—Ç—å –ü–∞—Å–µ–∫—É –∫ –ø—Ä–∏–º–µ—Ä—É –Ω–∞—à–µ–≥–æ –ø—ë—Å–∏–∫–∞ –∫–æ—Ç–æ—Ä—ã–π –±—ã–ª —Å –Ω–∞–º–∏ –Ω–∞ –∏–∑—é–º—Å–∫–æ–º –Ω–∞–ø—Ä–∞–≤–ª–µ–Ω–∏–∏, –∏ –Ω–µ —Ç–æ–ª—å–∫–æ, —Å–µ–π—á–∞—Å –ø—Ä–∏–≤—ã–∫–∞–µ—Ç –∫ –º–∏—Ä–Ω–æ–π –∂–∏–∑–Ω–∏ –≤ –ë—É—Ä—è—Ç–∏–∏.",photo,
121,2293930,2022-11-18 14:06:40+00:00,PeerUser(user_id=483324262),PeerChannel(channel_id=1234644047),,–ñ–µ–ª–∞—Ç–∏–Ω–∞ –µ–º—É —á—Ç–æ–±—ã —É—à–∏ —Å—Ç–æ—è–ª–∏,text,
122,2293893,2022-11-18 13:59:08+00:00,PeerUser(user_id=1509140430),PeerChannel(channel_id=1234644047),,"–°–∞–Ω–±–∞–π–Ω–∞)
üí™üèªüî•üí™üèª",text,
123,2293887,2022-11-18 13:58:35+00:00,PeerUser(user_id=980776685),PeerChannel(channel_id=1234644047),,–í–æ–ª—á–µ–≥!! –ü–æ–∫–∞ –µ—â–µ –ª–∞–π—Ç –≤–µ—Ä—Å–∏—èüòâüëç,text,
124,2293853,2022-11-18 13:49:52+00:00,PeerUser(user_id=2141387170),PeerChannel(channel_id=1234644047),,"–õ–∞–ø—ã, –∫–∞–∫ —É —Ö–æ—Ç–æ—à–æ!",text,
125,2293819,2022-11-18 13:41:51+00:00,PeerUser(user_id=5197468344),PeerChannel(channel_id=1234644047),,"–ü–ª—è—Ç—å!!! –•–æ—Ö–ª—ã –æ—Ä—É—Ç, —á—Ç–æ –±—É—Ä—è—Ç—ã –∏–∑–¥—è—Ç –º—É–ª—å—Ç–∏–≤–∞—Ä–∫–∏, —Ö–æ–ª–æ–¥–∏–ª—å–Ω–∏–∫–∏, ""—Å–µ–π—Ñ—ã"" (–º–∏–∫—Ä–æ–≤–æ–ª–Ω–æ–≤–∫–∏) –∏ —É–Ω–∏—Ç–∞–∑—ã.... –ê —Ç—É—Ç —Å–æ–±–∞–∫–µ–Ω–æ–≤ –∑–∞–±–∏—Ä–∞—é—Ç... –ö–∞–∫ —Ç–∞–∫? –£ —Å–∞–ª–æ–µ–¥–æ–≤ –º–æ–∑–≥–æ–≤–∞—è –Ω–∏—Å—Ä–∞—Å—Ç—É—Ö–∞ –æ–ø—è—Ç—å —Å–ª—É—á–∏—Ç—Å—è.... üòÑ",text,
126,2293793,2022-11-18 13:38:57+00:00,PeerUser(user_id=832194360),PeerChannel(channel_id=1234644047),,–õ–∞–ø–∫–∏ –∫–∞–∫–∏–µ –º–æ—â–Ω—ã–µ,text,
127,2293773,2022-11-18 13:37:05+00:00,PeerUser(user_id=211210630),PeerChannel(channel_id=1234644047),,‚ù§Ô∏è‚ù§Ô∏è‚ù§Ô∏èüê∂üê∂üê∂‚ù§Ô∏è‚ù§Ô∏è‚ù§Ô∏è,text,
128,2293768,2022-11-18 13:36:56+00:00,PeerUser(user_id=427907570),PeerChannel(channel_id=1234644047),,"–ê–≥–∞, —Å —É—á—ë—Ç–æ–º —Ç–æ–≥–æ, —á—Ç–æ –≤–æ–∑–º–æ–∂–Ω–æ –ª—é–¥–µ–π –∫—É—à–∞–ª–∞",text,
129,2293732,2022-11-18 13:34:05+00:00,PeerUser(user_id=1823520125),PeerChannel(channel_id=1234644047),,üê±,sticker,
130,2293709,2022-11-18 13:32:12+00:00,PeerUser(user_id=5404732107),PeerChannel(channel_id=1234644047),,–•–æ—Ä–æ—à–µ–Ω—å–∫–∏–π –±–∞–±–∞–∫–∞üòä,text,
131,2293673,2022-11-18 13:28:24+00:00,PeerUser(user_id=2141387170),PeerChannel(channel_id=1234644047),,–£—Ä–∞–≥—à–∞–∞!,text,
132,28406,2022-11-18 13:20:35+00:00,,PeerChannel(channel_id=1387701698),,"–ì—Ä—É–ø–ø–∏—Ä–æ–≤–∫–∞ ¬´W¬ª

@rosich_ru",photo,
133,2293951,2022-11-18 14:12:55+00:00,PeerUser(user_id=5189351750),PeerChannel(channel_id=1234644047),,"–ö–∞–∫ –∏–∑–≤–µ—Å—Ç–Ω–æ –±–æ–±—Ä—ã –¥–æ–±—Ä—ã. –î–æ–±—Ä–æ—Ç–æ—é –±–æ–±—Ä—ã –ø–æ–ª–Ω—ã. –ï—Å–ª–∏ —Ö–æ—á–µ—à—å —Å–µ–±–µ –¥–æ–±—Ä–∞, –Ω–∞–¥–æ –ø—Ä–æ—Å—Ç–æ –ø–æ–∑–≤–∞—Ç—å –±–æ–±—Ä–∞. –ï—Å–ª–∏ —Ç—ã –±–µ–∑ –±–æ–±—Ä–∞ –¥–æ–±—Ä, –∑–Ω–∞—á–∏—Ç —Å–∞–º —Ç—ã –≤ –¥—É—à–µ –±–æ–±—Ä.üëç",text,
134,2293831,2022-11-18 13:44:11+00:00,PeerUser(user_id=5197468344),PeerChannel(channel_id=1234644047),,"–†–∞–±–æ—Ç–∞–π—Ç–µ, –í–æ–∏–Ω—ã!!!!! ‚ù§Ô∏è",text,
135,2293788,2022-11-18 13:38:06+00:00,PeerUser(user_id=1145223136),PeerChannel(channel_id=1234644047),,–®–µ–≤—Ä–æ–Ω –∫–ª–µ–≤—ã–π! –ù–æ—Ä–±–µ—Ä—Ç –∏ –î–∞–≥–≥–µ—Ç –∏–∑ –º—É–ª—å—Ç–∏–∫–∞ ü•∞,text,
136,2293734,2022-11-18 13:34:07+00:00,PeerUser(user_id=2141387170),PeerChannel(channel_id=1234644047),,–ú–æ–±–∏–∫–∏ –Ω–∞—Ç—Ä–µ–Ω–∏—Ä–æ–≤–∞–ª–∏—Å—å!,text,
137,2293661,2022-11-18 13:26:55+00:00,PeerUser(user_id=886157314),PeerChannel(channel_id=1234644047),,W–∞–ª—å–¥–µ–º–∞—Ä,text,
138,2293651,2022-11-18 13:26:03+00:00,PeerUser(user_id=1098008283),PeerChannel(channel_id=1234644047),,–í–∞–≥–Ω–µ—Ä,text,
139,2293650,2022-11-18 13:25:36+00:00,PeerUser(user_id=5551796150),PeerChannel(channel_id=1234644047),,–º–æ–±–∏–∫–∏ –ø–µ—Ä–µ–≤–µ—Ä–Ω—É–ª–∏—Å—å,text,
140,2293629,2022-11-18 13:22:59+00:00,PeerUser(user_id=5753902196),PeerChannel(channel_id=1234644047),,–≠—Ç–æ —á–µ –∑–∞ –≥—Ä—É–ø–ø–∏—Ä–æ–≤–∫–∞ —É–∂–µ –Ω–æ–≤–∞—è üßê,text,
141,28405,2022-11-18 13:20:00+00:00,,PeerChannel(channel_id=1387701698),"MessageFwdHeader(date=datetime.datetime(2022, 11, 18, 11, 27, 6, tzinfo=datetime.timezone.utc), imported=False, from_id=PeerChannel(channel_id=1283625381), from_name=None, channel_post=1104, post_author=None, saved_from_peer=None, saved_from_msg_id=None, psa_type=None)",,video,33
142,28404,2022-11-18 13:20:00+00:00,,PeerChannel(channel_id=1387701698),"MessageFwdHeader(date=datetime.datetime(2022, 11, 18, 11, 27, 6, tzinfo=datetime.timezone.utc), imported=False, from_id=PeerChannel(channel_id=1283625381), from_name=None, channel_post=1103, post_author=None, saved_from_peer=None, saved_from_msg_id=None, psa_type=None)","¬´–ò–∑ –ø–æ—Å–ª–µ–¥–Ω–∏—Ö –±–æ—ë–≤ ‚Äî –º—ã —É–∫—Ä–∞–∏–Ω—Ü–µ–≤ –¥–∞–∂–µ –∏ –Ω–µ –≤–∏–¥–µ–ª–∏. –ù–∞—ë–º–Ω–∏–∫–∏. –ß–∞—â–µ –≤—Å–µ–≥–æ –ø–æ–ª—å—Å–∫–∞—è —Ä–µ—á—å¬ª.

–ù–∞ –Ω–µ–∫–æ—Ç–æ—Ä—ã—Ö —É—á–∞—Å—Ç–∫–∞—Ö –Ω–∞–ø—Ä–∞–≤–ª–µ–Ω–∏—è –ö—Ä–µ–º–µ–Ω–Ω–∞—è ‚Äî –°–≤–∞—Ç–æ–≤–æ –∏–Ω–æ—Å—Ç—Ä–∞–Ω–Ω—ã–µ –Ω–∞—ë–º–Ω–∏–∫–∏ —É–∂–µ –ø–æ–ª–Ω–æ—Å—Ç—å—é –∑–∞–º–µ–Ω–∏–ª–∏ –í–°–£. –ü–æ–ª—å—Å–∫–∏–µ —Ñ–ª–∞–≥–∏ –≤–∏—Å—è—Ç –Ω–∞–¥ –æ–∫–æ–ø–∞–º–∏ –∏ –Ω–∞ –ø–æ–∑–∏—Ü–∏—è—Ö ¬´—É–∫—Ä–∞–∏–Ω—Å–∫–∏—Ö¬ª –≤–æ–π—Å–∫.

–í —Ü–µ–ª–æ–º —ç—Ç–æ –Ω–∏—á–µ–≥–æ –Ω–µ –º–µ–Ω—è–µ—Ç. –ò—Ö –∫—Ä–æ–º—Å–∞—é—Ç —Å–æ—Ç–Ω—è–º–∏, –Ω–æ –≤—Ä–∞–≥ –≥–æ–Ω–∏—Ç –µ—â—ë –∏ –µ—â—ë –Ω–∞ —É–±–æ–π. –ü–æ–ø—ã—Ç–∫–∏ –ø—Ä–æ—Ä—ã–≤–∞, –∫–æ—Ç–æ—Ä—ã–µ —á–∞—Å—Ç–æ –ø–æ–ø—Ä–æ—Å—Ç—É —Å—É–∏—Ü–∏–¥–Ω—ã–µ, –Ω–µ –ø—Ä–µ–∫—Ä–∞—â–∞—é—Ç—Å—è.

–•–æ—á—É –æ—Ç–º–µ—Ç–∏—Ç—å –≤—ã—Å–æ–∫–∏–π –±–æ–µ–≤–æ–π –¥—É—Ö –Ω–∞—à–∏—Ö —Ä–µ–±—è—Ç –≤–¥–æ–ª—å –ª–∏–Ω–∏–∏ —Å–æ–ø—Ä–∏–∫–æ—Å–Ω–æ–≤–µ–Ω–∏—è. –ü—Ä–∏—á–∏–Ω –º–Ω–æ–∂–µ—Å—Ç–≤–æ, –Ω–æ –≤—ã—Å–æ–∫–∏–µ –∏ –±–µ–∑—Ä–µ–∑—É–ª—å—Ç–∞—Ç–Ω—ã–µ –ø–æ—Ç–µ—Ä–∏ —É –≤—Ä–∞–≥–∞ ‚Äî –æ–¥–Ω–∞ –∏–∑ –Ω–∏—Ö.",video,46
143,2294130,2022-11-18 14:45:00+00:00,PeerUser(user_id=633856597),PeerChannel(channel_id=1234644047),,–ß—Ç–æ-—Ç–æ –∏–∑ –º–∏—Ä–∞ —Ñ–∞–Ω—Ç–∞—Å—Ç–∏–∫–∏),text,
144,2294028,2022-11-18 14:24:19+00:00,PeerUser(user_id=1262191110),PeerChannel(channel_id=1234644047),,"–ú–æ—á–∏—Ç–µ –ø–æ–ª—è–∫–æ–≤ , –∞–Ω–≥–ª–æ —Å–∞–∫—Å–æ–≤ , –≤—Å–µ—Ö —ç—Ç–∏ –Ω–µ –ª—é–¥–µ–π !",text,
145,2293946,2022-11-18 14:11:51+00:00,PeerUser(user_id=1506879137),PeerChannel(channel_id=1234644047),,"–ê –æ–Ω–∏ –≤—Å–µ,–Ω–µ —Ç–æ–ª—å–∫–æ –ø–æ–ª—å—Å–∫–∏–µ,–ø—É—Å—Ç—å –Ω–µ 100, –Ω–æ 99% —Ç–æ—á–Ω–æ,–∏ –Ω–µ –≤–æ—é—é—Ç –∑–∞ —Ö–æ—Ö–ª–æ–≤.",text,
146,2293924,2022-11-18 14:05:29+00:00,PeerUser(user_id=5189351750),PeerChannel(channel_id=1234644047),,–û—Ç–±—Ä–µ—à—É—Ç—Å—è....–ú–æ–∂–µ—Ç —ç—Ç–æ —à–µ–ø–µ–ª—è–≤—ã–µ —Ö–æ—Ö–ª—ã?ü§î,text,
147,2293922,2022-11-18 14:05:03+00:00,PeerUser(user_id=1743685213),PeerChannel(channel_id=1234644047),,"–û–ø—è—Ç—å –ª—è—Ö–∏. –ö–∞–∫ –≤–æ –≤—Ä–µ–º–µ–Ω–∞ –¢–∞—Ä–∞—Å–∞ –ë—É–ª—å–±—ã. –¢–æ–ª—å–∫–æ —Ç–æ–≥–¥–∞ —É–∫—Ä–∞–∏–Ω—Ü—ã –ø–æ–º–Ω–∏–ª–∏, —á—Ç–æ –æ–Ω–∏ —Ä—É—Å—Å–∫–∏–µ –≤–æ–∏–Ω—ã –Ω–∞ –∫—Ä–∞—é –∑–µ–º–ª–∏ —Ä—É—Å—Å–∫–æ–π.",text,
148,2293907,2022-11-18 14:01:14+00:00,PeerUser(user_id=1655870406),PeerChannel(channel_id=1234644047),,ü§®,sticker,
149,2293895,2022-11-18 13:59:22+00:00,PeerUser(user_id=1736123921),PeerChannel(channel_id=1234644047),,"–î–µ—Ä–∂–∏—Ç–µ—Å—å —Ä–µ–±—è—Ç–∞ , –º—ã –¥—É—Ö–æ–º —Å –í–∞–º–∏ . üí™üí™üí™",text,
150,2293883,2022-11-18 13:58:07+00:00,PeerUser(user_id=1509140430),PeerChannel(channel_id=1234644047),,üí™üèªüî•üí™üèª,text,
151,2293850,2022-11-18 13:48:57+00:00,PeerUser(user_id=5197468344),PeerChannel(channel_id=1234644047),,"–£ –ü—à–µ–∫–æ–≤ —É–∂–µ –Ω–∞—á–∞–ª—Å—è —à—É—Ö–µ—Ä..... –¢–µ–ª–∞ –ø–æ–ø–ª—ã–ª–∏ –Ω–∞ –∑–∞—Ö–æ—Ä–æ–Ω–µ–Ω–∏—è.... –î–æ –Ω–∏—Ö —Å—Ç–∞–ª–æ –¥–æ—Ö–æ–¥–∏—Ç—å, —á—Ç–æ —Ä–µ—á—å –ø–æ—à–ª–∞ –Ω–µ –æ–± ""–æ—Ö–æ—Ç–Ω–∏–∫–∞—Ö –Ω–∞  —É–¥–∞—á—É"", –∞ –æ —Ä–µ–≥—É–ª—è—Ä–Ω–æ–π –∞—Ä–º–∏–∏. –û–Ω–∏ —É–∂–µ –Ω–∞—á–∞–ª–∏ –æ—Ö–µ—Ä–µ–≤–∞—Ç—å.",text,
152,2293700,2022-11-18 13:31:25+00:00,PeerUser(user_id=5634733079),PeerChannel(channel_id=1234644047),,"–ú–æ–∂–µ—Ç —ç—Ç–æ –Ω–µ –ø–æ–ª—è–∫–∏, –∞ —É–∫—Ä–∞–∏–Ω—Å–∫–∏–µ –≥–∞—Å—Ç–∞—Ä–±–∞–π—Ç–µ—Ä—ã –∏–∑ –ü–æ–ª—å—à–∏? –í—Ä—è–¥ –ª–∏ –ø–æ–ª—è–∫–∏ –±—É–¥—É—Ç —É–º–∏—Ä–∞—Ç—å –∑–∞ —Ö–æ—Ö–ª–æ–≤",text,
153,2293660,2022-11-18 13:26:53+00:00,PeerUser(user_id=370071436),PeerChannel(channel_id=1234644047),,–ê –º–æ—Å—Ç—ã —á–µ—Ä–µ–∑ –¥–Ω–µ–ø—Ä –¥–æ —Å–∏—Ö –ø–æ—Ä —Ü–µ–ª—ã‚Ä¶.—ç—Ö‚Ä¶,text,
154,2293624,2022-11-18 13:21:59+00:00,PeerUser(user_id=832194360),PeerChannel(channel_id=1234644047),,–¢–∞–∫ –≥–ª—è–¥–∏—à—å –∏ –≤—Å—è –Ω–µ—á–∏—Å—Ç—å –ø–æ–ª—è–∂–µ—Ç –Ω–∞ –∑–µ–º–ª–µ —Ä—É—Å—Å–∫–æ–π,text,
155,2293619,2022-11-18 13:21:27+00:00,PeerUser(user_id=1712783298),PeerChannel(channel_id=1234644047),,"–ü—Ä–æ–¥–æ–ª–∂–µ–Ω–∏–µ —Ñ–∏–ª—å–º–∞ ""–∏—Ö —Ç–∞–º –Ω–µ—Ç"", —Ç–æ–ª—å–∫–æ —Ç–µ–ø–µ—Ä—å —Å –ø–æ–ª—è–∫–∞–º–∏ üòÅ, –ø–∏–∑–¥–µ—Ü —Ç–µ–∞—Ç—Ä –∫–æ–Ω–µ—á–Ω–æ. –í—Å–µ –≤—Å—ë –ø–æ–Ω–∏–º–∞—é—Ç, –∫—Ç–æ —Ç–∞–º –≤–æ—é–µ—Ç, –∏ —Ç–¥, –Ω–æ –≤—Å–µ —Ä–∞–≤–Ω–æ ""–ø–æ –±—É–º–∞–≥–∞–º"" –∏—Ö —Ç–∞–º –Ω–µ—Ç, –∑–Ω–∞—á–∏—Ç –Ω–µ —Å—á–∏—Ç–∞–µ—Ç—Å—è.",text,
156,28403,2022-11-18 13:15:59+00:00,,PeerChannel(channel_id=1387701698),,"–ë–µ—Ä–≥–º–∞–Ω —á–∏—Ç–∞–µ—Ç —á–∞—Ç 

@rosich_ru",video,8
157,2294215,2022-11-18 14:55:45+00:00,PeerUser(user_id=1876324976),PeerChannel(channel_id=1234644047),,–ó–∞ —â—ë—á–∫–∏ –ø–æ—Ç—Ä–µ–ø–∞—Ç—å –æ—Ö–æ—Ç–∞ üòÑ,text,
158,2294048,2022-11-18 14:28:01+00:00,PeerUser(user_id=1045130717),PeerChannel(channel_id=1234644047),,"–Ø, –≤—Å—ë –∂–¥–∞–ª, —á—Ç–æ —Å–µ–π—á–∞—Å –≤ –∫–æ–º–Ω–∞—Ç—É –∑–∞–π–¥—ë—Ç –º–∞–º–∞ –∏ –Ω–∞—á–Ω–µ—Ç –ø–∏–∑–¥–∏—Ç—å –µ–≥–æ –Ω–∞ –∫–∞–º–µ—Ä—É",text,
159,2294016,2022-11-18 14:22:22+00:00,PeerUser(user_id=1262191110),PeerChannel(channel_id=1234644047),,"–ù–µ —Å–º–µ—à–Ω–æ , —Ä–µ–±—ë–Ω–æ–∫ –∫—É—Ä–∏—Ç",text,
160,2293945,2022-11-18 14:11:48+00:00,PeerUser(user_id=5117684010),PeerChannel(channel_id=1234644047),,–≠—Ç–æ —á–∏—Å—Ç–æ –Ω–∞ –ø–æ–¥—Å–æ–∑–Ω–∞—Ç–µ–ª—å–Ω–æ–º —É—Ä–æ–≤–Ω–µ –º—ã—Å–ª—å –≤–æ–∑–Ω–∏–∫–ª–∞.–î–∞ –∏ –ø–æ –∏–Ω–µ—Ç—É –≥—É–ª—è–ª–∏ –ø–æ–¥–æ–±–Ω–æ–≥–æ —Ä–æ–¥–∞ –≤–∏–¥–µ–æ),text,
161,2293817,2022-11-18 13:41:42+00:00,PeerUser(user_id=5269765621),PeerChannel(channel_id=1234644047),,"–ö–∏–Ω—å—Ç–µ —Ñ—É–ª–ª 
–•–æ—á–µ—Ç—Å—è –ø–æ—Ä–∂–∞—Ç—å))",text,
162,2293704,2022-11-18 13:31:45+00:00,PeerUser(user_id=1374534874),PeerChannel(channel_id=1234644047),,üö¨,sticker,
163,2293655,2022-11-18 13:26:29+00:00,PeerUser(user_id=5117684010),PeerChannel(channel_id=1234644047),,"–° —è–∑—ã–∫–∞ —Å–Ω—è–ª–∏,–≤–∏–¥–∏–æ –≤ –æ–±—Ä–µ–∑–∫–µ –ø–æ –ª—é–±–æ–º—É,–∞ –ø—Ä–æ–¥–æ–ª–∂–µ–Ω–∏–µ,—Ç–∞–º —Å–∑–∞–¥–∏ –æ–Ω–∞ —Å—Ç–æ–∏—Ç –∏ –∫–∞–∫ –¥–∞—ë—Ç –ª–µ—â–∞ –ø–æ—Ç–æ–º üòÜ",text,
164,2293640,2022-11-18 13:24:00+00:00,PeerUser(user_id=1722804457),PeerChannel(channel_id=1234644047),,–ê –ø—Ä–æ–¥–æ–ª–∂–µ–Ω–∏—è –∫–∞–∫ –º–∞–º–∫–∞ –ø–æ —É—à–∞–º –¥–∞–µ—Ç –Ω–µ—Ç?))),text,
165,2293618,2022-11-18 13:21:26+00:00,PeerUser(user_id=2141387170),PeerChannel(channel_id=1234644047),,"–ò —è —á–∏—Ç–∞—é —á–∞—Çüòè, –∫–æ–≥–¥–∞ –≤—ã—Ä–æ—Å–ª–∞ —Å –±—Ä–∞—Ç—å—è–º–∏",video,7
166,2293594,2022-11-18 13:18:06+00:00,PeerUser(user_id=1738924300),PeerChannel(channel_id=1234644047),,–ö—É—Ä–∏–ª–∫–∞ —Å–æ–ø–ª–∏–≤–∞—è,text,
167,2293589,2022-11-18 13:17:31+00:00,PeerUser(user_id=832194360),PeerChannel(channel_id=1234644047),,üö¨,sticker,
168,2293585,2022-11-18 13:16:20+00:00,PeerUser(user_id=1605049962),PeerChannel(channel_id=1234644047),,–ù–µ –∫—É—Ä–∏,text,
169,28402,2022-11-18 13:03:44+00:00,,PeerChannel(channel_id=1387701698),,"–°—Ç–∞–ª–∏–Ω–≥—Ä–∞–¥ –≤—Å—Ç—Ä–µ—á–∞–µ—Ç ¬´–æ—Å–≤–æ–±–æ–¥–∏—Ç–µ–ª–µ–π¬ª

@rosich_ru",photo,
170,2294095,2022-11-18 14:41:17+00:00,PeerUser(user_id=1098008283),PeerChannel(channel_id=1234644047),,"–ü–æ–ª–Ω–æ—Å—Ç—å—é —Å–æ–±—Ä–∞–ª –∑–Ω–∞–∫–æ–º–æ–≥–æ –º–æ–±–∏–∫–∞ ,–∏ –Ω–∞ –º–∞–≤–∏–∫ —Å–æ—Ç–∫—É",text,
171,2294061,2022-11-18 14:34:32+00:00,PeerUser(user_id=1641678038),PeerChannel(channel_id=1234644047),,"–ê–≥–∞, –Ω–µ –ø–æ–¥–≥–æ—Ç–æ–≤–∏—Ç—å –∑–∞—Ä–∞–Ω–µ–µ –æ—Å—Ç—Ä–æ—É–º–Ω—ã–π –æ—Ç–≤–µ—Ç, –∫–∞–∫ –æ–ø—Ä–æ–º–µ—Ç—á–∏–≤–æ —Å –í–∞—à–µ–π —Å—Ç–æ—Ä–æ–Ω—ã üòÇ
–®—É—á—É)) 
–ü—Ä–æ—Å—Ç–æ —Ç–∞–∫–∏–µ –ª—é–¥–∏, –Ω—É —Ö–æ—Ç—å –æ–¥–∏–Ω —á–µ–ª–æ–≤–µ–∫, –Ω–æ –±—É–¥–µ—Ç) –∏ —Ö–æ—Ä–æ—à–æ, —á—Ç–æ –≤—ã –æ–± —ç—Ç–æ–º —á–µ–ª–æ–≤–µ–∫–µ –Ω–µ –∑–Ω–∞–µ—Ç–µ))",text,
172,2294054,2022-11-18 14:30:17+00:00,PeerUser(user_id=5370620386),PeerChannel(channel_id=1234644047),,"–ù–∞ —ç—Ç–æ —É –º–µ–Ω—è –∫–æ–º–º–µ–Ω—Ç–∞—Ä–∏–π –Ω–µ –ø—Ä–µ–¥—É—Å–º–æ—Ç—Ä–µ–Ω
–í—ã –¥–æ–ª–∂–Ω—ã –±—ã–ª–∏ –æ—Ç–≤–µ—Ç–∏—Ç—å, —á—Ç–æ –Ω–µ—Ç—É üòÇüòÇüòÇ–¥–µ–π—Å—Ç–≤–∏—Ç–µ–ª—å–Ω–æ –∫ —Å–æ–∂–∞–ª–µ–Ω–∏—é",text,
173,2294053,2022-11-18 14:29:48+00:00,PeerUser(user_id=1641678038),PeerChannel(channel_id=1234644047),,"–ö —Å–æ–∂–∞–ª–µ–Ω–∏—é, –≤ –º–æ—ë–º –∫—Ä—É–≥—É —Ç–∞–∫–∏–µ –µ—Å—Ç—å.))
–ò –¥–æ–±–∞–≤–ª—é, –æ—á–µ–Ω—å –Ω–∞–≤—è–∑—á–∏–≤–æ –ø—ã—Ç–∞—é—Ç—Å—è –ø—Ä–∏–≤–∏—Ç—å —ç—Ç—É ""–ª—é–±–æ–≤—å"" —Ç–µ–º, –∫—Ç–æ –Ω–µ —Ö–æ—á–µ—Ç –Ω–∏—á–µ–≥–æ –æ –Ω–µ–π –∑–Ω–∞—Ç—å)",text,
174,2294052,2022-11-18 14:29:09+00:00,PeerUser(user_id=5370620386),PeerChannel(channel_id=1234644047),,"–ù—É –í—ã —É–∂ –æ–±–æ–±—â–∞–µ—Ç–µ ) –≤ –í–∞—à–µ–º –∫—Ä—É–≥—É –µ—Å—Ç—å —Ç–µ , –∫–æ–≥–æ –∏–Ω—Ç–µ—Ä–µ—Å—É–µ—Ç –ë—É–∑–æ–≤–∞ ? –í –º–æ–µ–º –Ω–µ—Ç )",text,
175,2294049,2022-11-18 14:28:10+00:00,PeerUser(user_id=1641678038),PeerChannel(channel_id=1234644047),,"–ü—Ä–æ—Å—Ç–æ —è –∫–æ–≥–¥–∞ —Ö–æ—Ç–µ–ª–∞ –ø–æ—Å—Ç—É–ø–∞—Ç—å –Ω–∞ —é—Ä—Ñ–∞–∫, —É –º–µ–Ω—è –∏—Å—Ç–æ—Ä–∏—è –±—ã–ª–∞ –æ–±—è–∑–∞—Ç–µ–ª—å–Ω—ã–º –ø—Ä–µ–¥–º–µ—Ç–æ–º. –ù–µ –ø–æ–Ω–∏–º–∞—é.2012 –≥–æ–¥ –±—ã–ª. –ú–Ω–æ–≥–æ–µ –ø–æ–º–µ–Ω—è–ª–æ—Å—å –∫–æ–Ω–µ—á–Ω–æ. 

–Ø —Å—á–∏—Ç–∞—é, —á—Ç–æ –∏—Å—Ç–æ—Ä–∏—é —Å–≤–æ–µ–π —Å—Ç—Ä–∞–Ω—ã –Ω–µ –∑–Ω–∞—Ç—å –æ—á–µ–Ω—å —Å—Ç—ã–¥–Ω–æ. –ö—Ä–æ–º–µ —Ç–æ–≥–æ, —Å—Ç—ã–¥–Ω–æ –Ω–µ –∏–Ω—Ç–µ—Ä–µ—Å–æ–≤–∞—Ç—å—Å—è –µ—é. 

–ù—É –∏ –≤ –∑–∞–∫–ª—é—á–µ–Ω–∏–∏ —Å–∫–∞–∂—É, —á—Ç–æ –ª—é–¥–∏ —Å—Ç–∞–ª–∏ –æ—á–µ–Ω—å –æ–≥—Ä–∞–Ω–∏—á–µ–Ω–Ω—ã–º–∏, –∑–∞–º–∫–Ω—É—Ç—ã–º–∏. –ü–æ—Ç–æ–º—É –∏ –º—É—Å–æ—Ä –æ –±—É–∑–æ–≤–æ–π, –Ω–∞–ø—Ä–∏–º–µ—Ä, –∏—Ö –∏–Ω—Ç–µ—Ä–µ—Å—É–µ—Ç.",text,
176,2294039,2022-11-18 14:26:18+00:00,PeerUser(user_id=5681313048),PeerChannel(channel_id=1234644047),,"–ù–µ–º–µ—Ü–∫–∏–π –ø–∏–≤–æ–≤–∞—Ä –ô–æ—Ö–∞–Ω –®—Ç–æ–ª—å—Ü –ø—É—Ç–µ—à–µ—Å—Ç–≤–æ–≤–∞–ª –ø–æ –†–æ—Å—Å–∏–∏.–ß—Ç–æ-—Ç–æ –µ–≥–æ —É–¥–∏–≤–∏–ª–æ,—á—Ç–æ-—Ç–æ –ø–æ—Ä–∞–∑–∏–ª–æ.–ê –ø–æ—Ç–æ–º –µ–≥–æ —É–±–∏–ª–æ –ø–æ–¥ –°—Ç–∞–ª–∏–Ω–≥—Ä–∞–¥–æ–º.",text,
177,2293988,2022-11-18 14:17:23+00:00,PeerUser(user_id=5164575200),PeerChannel(channel_id=1234644047),,"–ü—Ä–æ –º—É—Å–æ—Ä –Ω–µ –Ω—É–∂–Ω—ã–π –≤ –±–∞—à–∫–µ,—è –∏ –≥–æ–≤–æ—Ä—é.–í–û–í –≤ —à–∫–æ–ª–µ,—ç—Ç–æ —É–∂–µ –Ω–µ —Ç–æ,—á—Ç–æ –ø—Ä–µ–ø–æ–¥–∞–ª–∏ –≤ –°–°–°–†.–ú–µ–Ω—å—à–µ –æ–±—ä–µ–º –∏ –¥–µ—Ç–∞–ª–µ–π.–ü–æ–¥—Ä–æ–±–Ω–æ—Å—Ç–∏ –≤ –∫–Ω–∏–≥–∞—Ö,–Ω–æ –∏—Ö –Ω–µ —á–∏—Ç–∞—é—Ç.–ü–æ—Ç–æ–º—É –∏–Ω—Ñ–æ—Ä–º–∞—Ü–∏—è —Ç–µ—Ä—è–µ—Ç—Å—è.–ù–æ –∑–∞ –≥–µ–Ω–¥–µ—Ä–Ω—ã–µ —Ä–∞–∑–ª–∏—á–∏—è,–∏–ª–∏ –≤—Å—ë –æ –∂–∏–∑–Ω–∏ –ë—É–∑–æ–≤–æ–π,–ø–æ—á–µ–º—É-—Ç–æ –¥–æ –¥–µ—Ç–∞–ª–µ–π –∏–Ω—Ç–µ—Ä–µ—Å–Ω–æ.

–ü–æ—Ç–æ–º—É,—á–µ–º –º–∞—Ç—å –∫–æ—Ä–º–∏—Ç,–∫ —á–µ–º—É —Ä–µ–±–µ–Ω–∫–∞ –ø—Ä–∏—É—á–∏—Ç –≤ –¥–µ—Ç—Å—Ç–≤–µ,—Ç–æ –æ–Ω –∏ –±—É–¥–µ—Ç –≤—Å—é –∂–∏–∑–Ω—å –ª—é–±–∏—Ç—å –∏ –µ—Å—Ç—å.
–Ø –∫ —Ç–æ–º—É,—á—Ç–æ –ª—É—á—à–∏–π —É—á–∏—Ç–µ–ª—å,—ç—Ç–æ —Ä–æ–¥–∏—Ç–µ–ª—å.–í–∞–∂–Ω–æ,—á—Ç–æ –ø—Ä–µ–ø–æ–¥–∞—Å—Ç —ç—Ç–æ—Ç —Ä–æ–¥–∏—Ç–µ–ª—å.",text,
178,2293941,2022-11-18 14:10:25+00:00,PeerUser(user_id=1570224665),PeerChannel(channel_id=1234644047),,–°—Ä–∞–∑—É –ø–æ—Å–ª–µ —Ç–µ–±—è,text,
179,2293932,2022-11-18 14:07:02+00:00,PeerUser(user_id=1098008283),PeerChannel(channel_id=1234644047),,–†–∞—Å—Å–∫–∞–∂–µ—à—å —á—Ç–æ —Ç—ã —Å–¥–µ–ª–∞–ª ?,text,
180,2293909,2022-11-18 14:02:10+00:00,PeerUser(user_id=1570224665),PeerChannel(channel_id=1234644047),,–¢—ã —Ç–æ —Å–∞–º —á—Ç–æ —Å–¥–µ–ª–∞–ª –¥–ª—è –º–∏—Ä–∞? –ß–µ –Ω–∞–º —Ç–≤–æ–π –ø—Ä–∞–ø—Ä–∞–¥–µ–¥. –•–æ—Ö–æ–ª –æ–Ω –∏ –≤ –ê—Ñ—Ä–∏–∫–µ —Ö–æ—Ö–æ–ª,text,
181,2293897,2022-11-18 13:59:47+00:00,PeerUser(user_id=5188245701),PeerChannel(channel_id=1234644047),,"–†–∞–¥–∏ –ë–æ–≥–∞. 
–≠—Ç–æ –≤–∞—à–µ –ø—Ä–∞–≤–æ.",text,
182,2293878,2022-11-18 13:57:23+00:00,PeerUser(user_id=1098008283),PeerChannel(channel_id=1234644047),,"–î–æ—Ä–æ—à–µ–Ω–∫–æ.–í—Å—é –∂–∏–∑–Ω—å –∑–Ω–∞–ª —á—Ç–æ —è —Ö–æ—Ö–æ–ª , –∏ –Ω–µ —Å–º—É—â–∞–ª–æ .",text,
183,2293862,2022-11-18 13:53:26+00:00,PeerUser(user_id=5139079513),PeerChannel(channel_id=1234644047),,"–¢–∞–º –≤ –æ–∫—Ä—É–∂–µ–Ω–∏–µ –æ–Ω–∞ –ø–æ–ø–∞–ª–∞,–∞ –≥–µ—Ä–æ—è —Ö—Ä—É—â –¥–∞–ª,—á—Ç–æ–± —Ö–æ—Ö–ª–æ–≤ –Ω–µ –æ–±–∏–∂–∞—Ç—å",text,
184,2293824,2022-11-18 13:42:19+00:00,PeerUser(user_id=1641678038),PeerChannel(channel_id=1234644047),,"–ú–æ–∂–µ—Ç –ø—Ä–∏–µ–∑–∂–∏–µ? –ò–Ω–∞—á–µ —è –Ω–µ –ø—Ä–µ–¥—Å—Ç–∞–≤–ª—è—é, –Ω–∞—Å–∫–æ–ª—å–∫–æ —Ç—É–ø —ç—Ç–æ—Ç —á–µ–ª–æ–≤–µ–∫ –∏ –∫–∞–∫ –æ–Ω —Å–¥–∞–≤–∞–ª —ç–∫–∑–∞–º–µ–Ω—ã, –∏–±–æ –í–æ–≤ –µ—â–µ –≤ —à–∫–æ–ª–µ –∏–∑—É—á–∞—é—Ç",text,
185,2293804,2022-11-18 13:40:41+00:00,PeerUser(user_id=5188245701),PeerChannel(channel_id=1234644047),,"–ú–Ω–µ –∫–∞–∂–µ—Ç—Å—è, –∫–∞–∫ –≤—ã –Ω–∞–ø–∏—Å–∞–ª–∏ ""—Ö–æ—Ö–ª—ã"", –∑–≤—É—á–∏—Ç –∫—É–¥–∞ –æ—Å–∫–æ—Ä–±–∏—Ç–µ–ª—å–Ω–µ–µ, —á–µ–º —É–∫—Ä—ã...",text,
186,2293756,2022-11-18 13:35:50+00:00,PeerUser(user_id=5164575200),PeerChannel(channel_id=1234644047),,"–ü–∞–ª–µ—Ü –Ω–∞ –Ω–æ–≥–µ –†–æ–¥–∏–Ω—ã - –º–∞—Ç–µ—Ä–∏ ,–≤—ã—à–µ —á–µ–ª–æ–≤–µ–∫–∞.–°–∞–º –ø–∞–º—è—Ç–Ω–∏–∫ –≤–±–ª–∏–∑–∏,–≤–ø–µ—á–∞—Ç–ª—è–µ—Ç!
–†—è–¥–æ–≤–æ–π –ö–ê,–ø—Ä–∏ –æ–±–æ—Ä–æ–Ω–µ –°—Ç–∞–ª–∏–Ω–≥—Ä–∞–¥–∞, –∂–∏–ª –¥–≤–æ–µ —Å—É—Ç–æ–∫.
–û—Ñ–∏—Ü–µ—Ä,–æ—Å–æ–±–µ–Ω–Ω–æ –ª–µ–π—Ç–µ–Ω–∞–Ω—Ç—ã,—Å—É—Ç–∫–∏.",text,
187,2293664,2022-11-18 13:27:11+00:00,PeerUser(user_id=5183745974),PeerChannel(channel_id=1234644047),,"–ù—É —ç—Ç–æ –∫–∞–∫ –≤ –•–µ—Ä—Å–æ–Ω–µ, –±–æ–ª—å—à–∞—è —á–∞—Å—Ç—å –≤—ã–µ—Ö–∞–ª–∞, –∞ –æ—Å—Ç–∞–ª—å–Ω—ã–µ –∂–¥—É–Ω—ã –æ—Å—Ç–∞–ª–∏—Å—å –∂–¥–∞—Ç—å ""–æ—Å–≤–æ–±–æ–¥–∏—Ç–µ–ª–µ–π"", —Ç–∞–∫ –∏ –≤ –ö–∏–µ–≤–µüòâ",text,
188,2293663,2022-11-18 13:27:01+00:00,PeerUser(user_id=5164575200),PeerChannel(channel_id=1234644047),,"–ù–µ —à—É—á—É.–ù–µ –≥–æ–≤–æ—Ä—é,—á—Ç–æ –≤—Å–µ.–ò –ø–æ—Å–ª–µ–¥–Ω–∏–π —Ç–∞–∫–æ–π —É—á–∏–ª—Å—è –Ω–∞ —é—Ä.—Ñ–∞–∫–µ.–ù–µ –∑–Ω–∞–ª,—á—Ç–æ –í–æ–ª–≥–æ–≥—Ä–∞–¥ –∏ –°—Ç–∞–ª–∏–Ω–≥—Ä–∞–¥ –æ–¥–∏–Ω –≥–æ—Ä–æ–¥.–û—á–µ–Ω—å –º–Ω–æ–≥–æ –ø–æ—Å—Ç–æ—Ä–æ–Ω–Ω–µ–≥–æ –º—É—Å–æ—Ä–∞ –≤ –≥–æ–ª–æ–≤–µ.",text,
189,2293643,2022-11-18 13:24:33+00:00,PeerUser(user_id=1098008283),PeerChannel(channel_id=1234644047),,–°–æ–≤–µ—Ç—Å–∫–æ–π .–ü–æ–ª—É—á–∏–ª –õ–µ–Ω–∏–Ω–∞ –∏ –æ—Ç–≤–∞–≥—É .,text,
190,2293632,2022-11-18 13:23:17+00:00,PeerUser(user_id=600599162),PeerChannel(channel_id=1234644047),,–ó–∞–±—ã–ª–∞ —É—Ç–æ—á–Ω–∏—Ç—å –Ω–∞ —á—å–µ–π —Å—Ç–æ—Ä–æ–Ω–µ,text,
191,2293626,2022-11-18 13:22:23+00:00,PeerUser(user_id=1098008283),PeerChannel(channel_id=1234644047),,"–ú–æ–π –ø—Ä–∞–¥–µ–¥  —É–∫—Ä–∞–∏–Ω–µ—Ü –∏–∑ –ö–∏–µ–≤–∞ , –∑–∞–∫–æ–Ω—á–∏–ª –≤–æ–π–Ω—É –≤ –ü—Ä–∞–≥–µ .–ö—Ç–æ —Ç—ã —Ç–∞–∫–∞—è —á—Ç–æ–±—ã –æ—Å–∫–æ—Ä–±–ª—è—Ç—å –≤—Å–µ—Ö —Ö–æ—Ö–ª–æ–≤ ?–¢–∞–∫–∂–µ –∫–∞–∫ –∏ –æ—Å—Ç–∞–ª—å–Ω—ã–µ –Ω–∞—Ä–æ–¥—ã –°–°–°–† –≤–æ–µ–≤–∞–ª–∏",text,
192,2293610,2022-11-18 13:20:02+00:00,PeerUser(user_id=5188245701),PeerChannel(channel_id=1234644047),,"–ú–æ–∏ –¥–µ—Ç–∏ –∑–Ω–∞—é—Ç. 
–ó–∞ –¥—Ä—É–≥–∏—Ö –Ω–µ –º–æ–≥—É —Å–∫–∞–∑–∞—Ç—å. –ó–Ω–∞—é—Ç, –≥–¥–µ –ø–æ–≥–∏–± –∏—Ö –ø—Ä–∞–ø—Ä–∞–¥–µ–¥.",text,
193,2293605,2022-11-18 13:19:35+00:00,PeerUser(user_id=1641678038),PeerChannel(channel_id=1234644047),,–ì–¥–µ —ç—Ç–æ —Ç–∞–∫–∏–µ –Ω–µ–≤–µ–∂–¥—ã? –ú–æ–π —à–µ—Å—Ç–∏–ª–µ—Ç–Ω–∏–π —Ä–µ–±—ë–Ω–æ–∫  –æ–± —ç—Ç–æ–º –∏ –Ω–µ —Ç–æ–ª—å–∫–æ –∑–Ω–∞–µ—Ç. –í –∫–∞–∫–æ–º –ª–µ—Å—É –≤—ã —Ç–∞–∫–∏—Ö –≤—Å—Ç–µ—Ç–∏–ª–∏?,text,
194,2293601,2022-11-18 13:19:00+00:00,PeerUser(user_id=5188245701),PeerChannel(channel_id=1234644047),,"–î–∞,—Ç–æ–∂–µ –≤–∏–¥–µ–ª–∞.
–ü–µ—á–∞–ª—å–Ω–æ, —á—Ç–æ —Ç–∞–∫–æ–µ –∂–µ –ø–æ–∫–æ–ª–µ–Ω–∏–µ –¥–µ—Ç–µ–π —É –Ω–∏—Ö —Å–µ–π—á–∞—Å —Ä–∞—Å—Ç—ë—Ç.",text,
195,2293590,2022-11-18 13:17:37+00:00,PeerUser(user_id=5164575200),PeerChannel(channel_id=1234644047),,"–Ø –≤–∏–¥–µ–ª —Ä—É—Å—Å–∫–∏—Ö –¥–µ—Ç–∏—à–µ–∫,–∫–æ—Ç–æ—Ä—ã–µ –Ω–∏—á–µ–≥–æ –Ω–µ –º–æ–≥—É—Ç —Å–∫–∞–∑–∞—Ç—å –æ –°—Ç–∞–ª–∏–Ω–≥—Ä–∞–¥–µ.–ü–µ—Ä–≤—ã–º —á–µ–ª–æ–≤–µ–∫–æ–º –ø–æ–±—ã–≤–∞–≤—à–µ–º  –≤ –∫–æ—Å–º–æ—Å–µ,—Å—á–∏—Ç–∞—é—Ç –ê—Ä–º—Å—Ç—Ä–æ–Ω–≥–∞.",text,
196,2293579,2022-11-18 13:15:39+00:00,PeerUser(user_id=1547697844),PeerChannel(channel_id=1234644047),,"–û–Ω–∏ –Ω–µ –ø—Ä–æ–±–∏–≤–∞–µ–º—ã–µ, –≤–∏–¥–µ–ª–∞ –∏–Ω—Ç–µ—Ä–≤—å—é –æ–¥–Ω–æ–≥–æ –ê–∑–æ–≤—Ü–∞,  –¥–∞ –∏ –≤ –∫–ª–º–µ–Ω—Ç–∞—Ö –∏—Ö –Ω–µ –º–∞–ª–æ,  —Ç–∏–ø–∞, –∞ –≥–¥–µ –ø–µ—Ä–≤–æ–∏—Å—Ç–æ—á–Ω–∏–∫, —á–µ–º –¥–æ–∫–∞–∂–∏—Ç–µ, —á—Ç–æ —ç—Ç–æ –æ—Ä–∏–≥–∏–Ω–∞–ª. –ü—Ä—è–º 500  –º–∞–∑–æ–∫ –æ—Ç–æ –≤—Å–µ–≥–æ. –ò —É–ª—ã–±–∞–µ—Ç—Å—è.",text,
197,2293570,2022-11-18 13:14:38+00:00,PeerUser(user_id=943544438),PeerChannel(channel_id=1234644047),,"–ù—É, –ª–∞–¥–Ω–æ, –ª–∞–¥–Ω–æ. –ö–∏–µ–≤ –≤—Å–µ-—Ç–∞–∫–∏ –ì–æ—Ä–æ–¥-–ì–µ—Ä–æ–π, –∑–∞ –Ω–µ–≥–æ —Ç–æ–∂–µ –¥—Ä–∞–ª–∏—Å—å, –±—É–¥—å –∑–¥–æ—Ä–æ–≤, –ø–æ–ª—É–º–∏–ª–ª–∏–æ–Ω–Ω—É—é –≥—Ä—É–ø–ø–∏—Ä–æ–≤–∫—É —Ç–∞–º –ø–æ—Ç–µ—Ä—è–ª–∏.",text,
198,2293537,2022-11-18 13:10:39+00:00,PeerUser(user_id=5188245701),PeerChannel(channel_id=1234644047),,"–ù—É –∏–º –Ω–∞–¥–æ –∏—Ö –∫—É–º–∏—Ä–∞, –∫–∞–∫ —Å –µ–≥–æ –ø–æ–¥–∞—á–∏ –¥–µ—Ç–µ–π –≤–µ—à–∞–ª–∏ –Ω–∞ —Å—Ç–æ–ª–±–∞—Ö...",text,
199,2293524,2022-11-18 13:09:09+00:00,PeerUser(user_id=650590039),PeerChannel(channel_id=1234644047),,–±–∞–Ω–¥–µ—Ä–æ–≤—Ü–∞–º –Ω—É–∂–Ω–æ –∫—Ä—É—Ç–∏—Ç—å –∫–æ–µ-—á—Ç–æ –¥—Ä—É–≥–æ–µ,text,
200,2293513,2022-11-18 13:08:09+00:00,PeerUser(user_id=650590039),PeerChannel(channel_id=1234644047),,"–¥–µ–¥—ã —á—É–±–∞—Ç—ã—Ö —Ä–∞–¥—É—é—Ç—Å—è –∑–∞ —Ç–æ ""—â–æ –≤–±–∏–≤–∞—é—Ç—å –º–æ—Å–∫–∞–ª–µ–π"" - –Ω—É –∞ –¥–µ–¥—ã –≤–µ–ª–∏–∫–æ—Ä–æ—Å—Å–æ–≤ –≤—ã—Ä—É—Å–µ–π –∏–∑ –≤—Å—É- –æ—Ö—Ä–µ–Ω–µ–≤–∞—é—Ç –Ω–∞–≤–µ—Ä–Ω–æ–µ",text,
201,2293503,2022-11-18 13:07:15+00:00,PeerUser(user_id=1798073158),PeerChannel(channel_id=1234644047),,"–ò –µ—â–µ –±—ã —Ç—ã—Å—è—á–∏ —Ç–≤–∞—Ä–µ–π, —á—Ç–æ –Ω–∞—à–∏ –≤–µ–¥—É—Ç –ø–æ —Å—Ç–µ–ø–∏!!!",text,
202,2293496,2022-11-18 13:05:53+00:00,PeerUser(user_id=5188245701),PeerChannel(channel_id=1234644047),,"–¢–∞–∫–∏–µ —Ä–æ–ª–∏–∫–∏, –∫–∞—Ä—Ç–∏–Ω–∫–∏ –Ω–∞–¥–æ –∫—Ä—É–≥–ª–æ—Å—É—Ç–æ—á–Ω–æ –∫—Ä—É—Ç–∏—Ç—å –≤ –ø–ª–µ–Ω—É —É–∫—Ä–∞–º.",text,
203,2293495,2022-11-18 13:05:41+00:00,PeerUser(user_id=1798073158),PeerChannel(channel_id=1234644047),,–§–æ—Ç–æ –æ–≥–æ–Ω—å! –ù–æ –Ω–µ –°—Ç–∞–ª–∏–Ω–≥—Ä–∞–¥. –°–∫–æ—Ä–µ–µ –≤—Å–µ–≥–æ –ü–ü–® —Ç–∞–º –Ω–µ –ø–æ–¥–æ—à–ª–æ.,text,
204,2293494,2022-11-18 13:05:34+00:00,PeerUser(user_id=5117684010),PeerChannel(channel_id=1234644047),,–†–∞–∑–Ω–∏—Ü–∞ –º–µ–∂–¥—É –Ω–∞–º–∏ –∏ —É–∫—Ä–∞–∏–Ω—Ü–∞–º–∏-—Ü–µ–ª–∞—è –±–µ–∑–¥–Ω–∞!,text,
205,2293493,2022-11-18 13:05:34+00:00,PeerUser(user_id=483731028),PeerChannel(channel_id=1234644047),,–î–µ–¥—ã —á—É–±–∞—Ç—ã—Ö –ø–µ—Ä–µ–≤–æ—Ä–∞—á–∏–≤–∞—é—Ç—Å—è –≤ –≥—Ä–æ–±–∞—Ö –Ω–∞–≤–µ—Ä–Ω–æ–µ,text,
206,28401,2022-11-18 12:58:21+00:00,,PeerChannel(channel_id=1387701698),,"26 —Å–µ–Ω—Ç—è–±—Ä—è 1941 –≥–æ–¥–∞. 

–ö–∏–µ–≤ –≤—Å—Ç—Ä–µ—á–∞–µ—Ç ¬´–æ—Å–≤–æ–±–æ–¥–∏—Ç–µ–ª–µ–π¬ª.

¬´–í –º–∏—Ä–µ –Ω–∞—à–µ–º –Ω–∏—á—Ç–æ –Ω–µ –º–µ–Ω—è–µ—Ç—Å—è, –ö—Ç–æ –≤—Ä–∞–≥–æ–º –±—ã–ª, –≤—Ä–∞–≥–æ–º –∏ –æ—Å—Ç–∞–Ω–µ—Ç—Å—è, –ö—Ç–æ –æ–¥–Ω–∞–∂–¥—ã –ø—Ä–µ–¥–∞–ª, —Ç–æ—Ç –ø—Ä–µ–¥–∞—Ç–µ–ª—å –Ω–∞–≤–µ–∫, –ü–æ–≤—Ç–æ—Ä—è–µ—Ç –∏—Å—Ç–æ—Ä–∏—é, –≤—Ä–µ–º–µ–Ω–∏ –±–µ–≥. –ú–µ—Ö–∞–Ω–∏–∑–º –∑–∞–≤–µ–¥–µ–Ω, –Ω–æ–≤—ã–π –∂–¥—ë—Ç –æ–±–æ—Ä–æ—Ç, –ó–Ω–∞–µ—Ç —Ç–æ–ª—å–∫–æ –í—Å–µ–≤—ã—à–Ω–∏–π, —Å–µ–π –±–∏—Ç–≤—ã –∏—Å—Ö–æ–¥.¬ª

@rosich_ru",video,20
207,2294174,2022-11-18 14:51:16+00:00,PeerUser(user_id=517855566),PeerChannel(channel_id=1234644047),,–°—É—â–Ω–æ—Å—Ç—å –•–æ—Ö–ª–æ–≤ –±—ã—Ç—å –ø—Ä–µ–¥–∞—Ç–µ–ª—è–º–∏!!! –•–æ—Ö–ª—ã-—Å–≤–∏–Ω—å–∏ –∞ —ç—Ç–æ —Ö–∞—Ä–∞–º!!!,text,
208,2293911,2022-11-18 14:02:36+00:00,PeerUser(user_id=1743685213),PeerChannel(channel_id=1234644047),,"""–û—Ç –æ—Å–∏–Ω–∫–∏ –Ω–µ —Ä–æ–¥—è—Ç—Å—è –∞–ø–µ–ª—å—Å–∏–Ω–µ"". –ß–µ–≥–æ –∂–¥–∞–ª–∏ - —Ç–æ –æ—Ç –Ω–∏—Ö?  –í–æ–ø—Ä–æ—Å –≤ —Ç–æ–º, –∫—Ç–æ –≤—ã—Å—à–µ–º—É —Ä—É–∫–æ–≤–æ–¥—Å—Ç–≤—É –≤—Ä–∞–ª –æ–± –Ω–∞—Å—Ç—Ä–æ–µ–Ω–∏—è—Ö –≤ —ç—Ç–æ–π –∫–ª–æ–∞–∫–µ –ø–æ–¥ –Ω–∞–∑–≤–∞–Ω–∏–µ–º ""–£–∫—Ä–∞–∏–Ω–∞""?",text,
209,2293876,2022-11-18 13:57:06+00:00,PeerUser(user_id=1495698782),PeerChannel(channel_id=1234644047),,"–ù–æ —è –±—ã –∏ –Ω–µ —Å–∫–∞–∑–∞–ª, —á—Ç–æ –º—ã –ø—Ä—è–º –æ–¥–∏–Ω–∞–∫–æ–≤—ã–µ. –ó–∞–ø–∞–¥–Ω—ã–µ –Ω–∞—Ä–æ–¥—ã –≤—Å–µ –∂–µ —Å–∏–ª—å–Ω–µ–µ –≤–ø–∏—Ç–∞–ª–∏ –≤ —Å–µ–±—è —Ü–∏–≤–∏–ª–∏–∑–∞—Ü–∏—é –Ω–∞—Ä–æ–¥–æ–≤ –ê–Ω–≥–ª–∏–∏, –ì–µ—Ä–º–∞–Ω–∏–∏.",text,
210,2293855,2022-11-18 13:50:08+00:00,PeerUser(user_id=1495698782),PeerChannel(channel_id=1234644047),,"–≠—Ç–æ –æ—á–µ–Ω—å –ø–æ–≤–µ—Ä—Ö–Ω–æ—Å—Ç–Ω—ã–µ –≤–µ—â–∏.  –ö–∞–∫ –∏–¥–µ–æ–ª–æ–≥–∏—è –º–æ–∂–µ—Ç –±—ã—Ç—å –æ–¥–Ω–∞ –ø–æ –Ω–∞–∑–≤–∞–Ω–∏—é –∫–∞–∫ –∫–æ–º–º—É–Ω–∏–∑–º –≤ –°–°–°–† –∏ –ö–∏—Ç–∞–µ, –Ω–æ –≤–Ω—É—Ç—Ä–∏ –∫–∞–∂–¥–æ–π —Å—Ç—Ä–∞–Ω—ã —Å–æ–≤–µ—Ä—à–µ–Ω–Ω–æ —Ä–∞–∑–Ω—ã–π, —Ç–∞–∫ –∏ —Ä–µ–ª–∏–≥–∏—è –º–æ–∂–µ—Ç –Ω–∞ –ø–æ–≤–µ—Ä—Ö–Ω–æ—Å—Ç–∏ –∏–º–µ—Ç—å —Ä–∞–∑–Ω—ã–µ –æ—Ç—Ç–µ–Ω–∫–∏, –Ω–æ –≤–Ω—É—Ç—Ä–∏ –µ–¥–∏–Ω—É—é –∏–¥–µ—é.",text,
211,2293840,2022-11-18 13:45:39+00:00,PeerUser(user_id=5189351750),PeerChannel(channel_id=1234644047),,–í–æ –õ—å–≤–æ–≤–µ –Ω–µ –º–µ–Ω—å—à–µ –ª–∞—Å—Ç–∏–ª–∏—Å—å.–ï–≤—Ä–µ–∏ –Ω–∞–¥–æ–ª–≥–æ –∑–∞–ø–æ–º–Ω–∏–ª–∏.–í—Å–µ –ø–æ–≤—Ç–æ—Ä—è–µ—Ç—Å—è.,text,
212,2293838,2022-11-18 13:45:02+00:00,PeerUser(user_id=5771265981),PeerChannel(channel_id=1234644047),,"–î–∞, –±–µ–ª–æ—Ä—É—Å—ã –∫–∞–∫–∏–µ-—Ç–æ –¥–æ–±—Ä—ã–µ, –º–∏—Ä–Ω—ã–µ, —Å–ø–æ–∫–æ–π–Ω—ã–µ. –ü–æ–º–Ω—é –∫–æ–≥–¥–∞ —É –Ω–∏—Ö –ø—Ä–æ—Ç–µ—Å—Ç—ã —à–ª–∏ –∑–∞—à–ª–∞ –≤ —á–∞—Ç –∫ –∑–º–∞–≥–∞—Ä–∞–º. –¢–∞–∫ –≤–æ—Ç –¥–∞–∂–µ –∑–º–∞–≥–∞—Ä—ã –∫–æ –º–Ω–µ –ª—É—á—à–µ –æ—Ç–Ω–µ—Å–ª–∏—Å—å, –∫–∞–∫ –º–Ω–µ –ø–æ–∫–∞–∑–∞–ª–æ—Å—å, –ª—É—á—à–µ, —á–µ–º —Ç–∞–º–æ—à–Ω–∏–µ —Ö–æ—Ö–ª—ã.",text,
213,2293830,2022-11-18 13:43:59+00:00,PeerUser(user_id=5634733079),PeerChannel(channel_id=1234644047),,"–£ —Ü–µ–Ω—Ç—Ä–∞–ª—å–Ω–æ-—é–∂–Ω—ã—Ö —Ä—É—Å—Å–∫–∏—Ö –≥–µ–Ω–µ—Ç–∏–∫–∞ –Ω–∞ 100% –æ–¥–∏–Ω–∞–∫–æ–≤–∞—è —Å –ø–æ–ª—è–∫–∞–º–∏. –ù–æ –æ–¥–Ω–∏ –ø—Ä–∞–≤–æ—Å–ª–∞–≤–Ω—ã–µ, –¥—Ä—É–≥–∏–µ –∫–∞—Ç–æ–ª–∏–∫–∏, –æ–¥–Ω–∏ –ø–∏—à—É—Ç –ª–∞—Ç–∏–Ω–∏—Ü–µ–π, –¥—Ä—É–≥–∏–µ –∫–∏—Ä–∏–ª–ª–∏—Ü–µ–π. –í–æ—Ç –≤–∞–º –∏ —Ä–∞–∑–Ω—ã–µ –Ω–∞—Ä–æ–¥—ã. –•–æ—Ç—è –ø–ª–µ–º—è –≤—è—Ç–∏—á–µ–π - –ø–ª–µ–º—è, –∫–æ—Ç–æ—Ä–æ–µ –≤–ø–æ—Å–ª–µ–¥—Å—Ç–≤–∏–∏ —Å—Ç–∞–ª–æ —Ä—É—Å—Å–∫–∏–º–∏, –Ω–æ –≤ 5-7 –≤–µ–∫–µ –≤—ã—à–ª–æ –∏–∑ —Ç–µ—Ä—Ä–∏—Ç–æ—Ä–∏–∏ –Ω—ã–Ω–µ—à–Ω–µ–π –ü–æ–ª—å—à–∏, –∑–∞—Å–µ–ª–∏–ª–æ –Ω—ã–Ω–µ—à–Ω—é—é —á–∞—Å—Ç—å –†–æ—Å—Å–∏–∏ –∏ –∏–º–µ–µ—Ç –æ–¥–∏–Ω–∞–∫–æ–≤—É—é –≥–µ–Ω–µ—Ç–∏–∫—É —Å –ø–æ–ª—è–∫–∞–º–∏.
–ì–µ–Ω–µ—Ç–∏–∫–∞ –æ–¥–∏–Ω–∞–∫–æ–≤–∞—è, –Ω–∞—Ä–æ–¥—ã —Ä–∞–∑–Ω—ã–µ",text,
214,2293806,2022-11-18 13:40:45+00:00,PeerUser(user_id=1547697844),PeerChannel(channel_id=1234644047),,"–ù—É —Ç—É—Ç —Å–ª–æ–∂–Ω—ã–π –≤–æ–ø—Ä–æ—Å, —è –¥–≤–æ–∏—Ö –∑–Ω–∞—é –æ–¥–∏–Ω  –≤ 2011 –≥–æ–¥—É –Ω–∞—à—ë–ª —Å–≤–æ–∏ –∫–æ—Ä–Ω–µ –≤ –ü–æ–ª—å—à–µ, –∏ —Å—Ç–∞–ª –æ—â—É—â–∞—Ç—å —Å–µ–±—è –ø–æ–ª—è–∫–æ–º, –ø—Ä—è–º –ø–æ–¥–º–µ–Ω–∏–ª–∏, –≤ 3 –∏–ª–∏ 4 –ø–æ–∫–æ–ª–µ–Ω–∏–∏ –∂–∏–≤—ë—Ç –≤ –†–æ—Å—Å–∏–∏.  –î—Ä—É–≥–∞—è –∏–∑ –¥–µ–ø–æ—Ä—Ç–∏—Ä–æ–≤–∞–Ω—ã—Ö –ø—Ä–∏–±–∞–ª—Ç–æ–≤ (–ø—Ä–∞–±–∞–±—É—à–∫—É –∏ –ø—Ä–∞–¥–µ–¥—É—à–∫–∞),  —Å—ä–µ–∑–¥–∏–ª–∞ –≤ –õ–∏—Ç–≤—É –ª–µ—Ç 8 –Ω–∞–∑–∞–¥ –∏ –≤—Å–µ –æ–Ω–∞ –ø—Ä—è–º –ª–∏—Ç–æ–≤–∫–∞ —Å—Ç–∞–ª–∞, –¥–æ —ç—Ç–æ–≥–æ –¥–∞–∂ –Ω–∞–º—ë–∫–∞ –Ω–µ –±—ã–ª–æ.",text,
215,2293795,2022-11-18 13:39:01+00:00,PeerUser(user_id=1495698782),PeerChannel(channel_id=1234644047),,–ö–∞–∫ —Ä–∞–∑ –≥–µ–Ω–µ—Ç–∏–∫–∞ –∏ —Ñ–æ—Ä–º–∏—Ä—É–µ—Ç –∏–¥–µ–∏ –∏ —É–±–µ–∂–¥–µ–Ω–∏—è,text,
216,2293792,2022-11-18 13:38:44+00:00,PeerUser(user_id=1263803205),PeerChannel(channel_id=1234644047),,üòÇ,text,
217,2293782,2022-11-18 13:37:41+00:00,PeerUser(user_id=2121986798),PeerChannel(channel_id=1234644047),,–í–æ—Ç-–≤–æ—Ç,text,
218,2293774,2022-11-18 13:37:06+00:00,PeerUser(user_id=5634733079),PeerChannel(channel_id=1234644047),,"–•–æ—Ö–ª—ã –≤–æ –≤—Ä–µ–º—è —Å—Ä–∞–∂–µ–Ω–∏–π 1941 –≥–æ–¥–∞ –ø–µ—Ä–≤—ã–º–∏ –Ω–∞—á–∞–ª–∏ —Å–¥–∞–≤–∞—Ç—å—Å—è –≤ –ø–ª–µ–Ω –Ω–µ–º—Ü–∞–º, –ø–æ–¥—Ä—ã–≤–∞—è –±–æ–µ–≤–æ–π –¥—É—Ö –≤ –≤–æ–π—Å–∫–∞—Ö. –ù—É –∞ –≤—ã—Ö–æ–¥—Ü—ã —Å –∑–∞–ø–∞–¥–Ω–æ–π –£–∫—Ä–∞–∏–Ω—ã –≤–æ–æ–±—â–µ –≤ –ª—É—á—à–µ–º —Å–ª—É—á–∞–µ –±–µ–∂–∞–ª–∏ –∏–∑ –ö—Ä–∞—Å–Ω–æ–π –ê—Ä–º–∏–∏, –∞ –≤ —Ö—É–¥—à–µ–º –µ—â—ë –∏ –≤ —Å–ø–∏–Ω—É —Å—Ç—Ä–µ–ª—è–ª–∏",text,
219,2293765,2022-11-18 13:36:28+00:00,PeerUser(user_id=5224742239),PeerChannel(channel_id=1234644047),,–ù–∞—Ü–∏–∑–º –Ω–∞ –£–∫—Ä–∞–∏–Ω–µ - —ç—Ç–æ –º–µ–Ω—Ç–∞–ª—å–Ω–æ–µ.,text,
220,2293755,2022-11-18 13:35:47+00:00,PeerUser(user_id=2121986798),PeerChannel(channel_id=1234644047),,"–ù–µ –∑–Ω–∞—é, –≥–µ–Ω–µ—Ç–∏–∫–∞ –∏–ª–∏ –Ω–µ—Ç. –û–Ω–∏ –≤—Å—é –∂–∏–∑–Ω—å –ø–æ–¥ –ø–æ–¥—Å—Ç—Ä–∞–∏–≤–∞–ª–∏—Å—å, –ø–æ–¥ –ø–æ–ª—è–∫–æ–≤, –∞–≤—Å—Ç—Ä–∏–π—Ü–µ–≤, —Ä—É–º—ã–Ω, –≤–µ–Ω–≥—Ä–æ–≤. –Ø –æ–ø—è—Ç—å –∑–∞–¥–∞—é –≤–æ–ø—Ä–æ—Å. –ê –±–µ–ª–æ—Ä—É—Å—ã? –ü–æ—á–µ–º—É –æ–Ω–∏ –¥—Ä—É–≥–∏–µ",text,
221,2293747,2022-11-18 13:35:02+00:00,PeerUser(user_id=1832452219),PeerChannel(channel_id=1234644047),,–ò–Ω—Ñ–∞ –ø—Ä–æ –¥–µ–¥–∞ –®–æ–ª—å—Ü–∞ –±—ã–ª–∞ —Ñ–µ–π–∫–æ–º,text,
222,2293717,2022-11-18 13:33:13+00:00,PeerUser(user_id=1722804457),PeerChannel(channel_id=1234644047),,"–ò –≤–∏–¥–µ–æ –ø–æ–ª–Ω–æ, –∫–∞–∫ —Ö–æ—Ö–ª–æ-–∑–∞–ø–∞–¥–µ–Ω—Å–∫–∏–µ –±–ª* –ø–æ–¥ —Ä—É—á–∫—É –≥—É–ª—è–ª–∏ —Å –Ω–∞—Ü–∏—Å—Ç—Å–∫–∏–º –¥–µ—Ä—å–º–æ–º! –î–æ —Ç–æ–≥–æ —ç—Ç–æ –±—ã–ª–∏ –ø—Ä–µ–¥–∞—Ç–µ–ª–∏, –∞ –ø–æ—Å–ª–µ —à–ª–∏—Ñ–æ–≤–∫–∏ –Ω–∞—Ü–∏–∫–∞–º–∏ –Ω–∞—Ä–æ–¥–∏–ª–æ—Å—å –Ω—ã–Ω–µ—à–Ω–µ–µ —Å—Ç–∞–¥–æ",text,
223,2293707,2022-11-18 13:32:02+00:00,PeerUser(user_id=473760246),PeerChannel(channel_id=1234644047),,"–≠—Ç–æ –õ—å–≤–æ–≤, –∞ –Ω–µ –ö–∏–µ–≤. –ò—Å–ø—Ä–∞–≤—å—Ç–µ.",text,
224,2293706,2022-11-18 13:31:55+00:00,PeerUser(user_id=5558763224),PeerChannel(channel_id=1234644047),,–í—ã –≤ –ö–∏–µ–≤–µ?,text,
225,2293702,2022-11-18 13:31:43+00:00,PeerUser(user_id=1743685213),PeerChannel(channel_id=1234644047),,–°–æ–±–∞–∫–∞ –≤—Å–µ–≥–¥–∞ —Ö–æ–∑—è–∏–Ω–∞ –≤—Å—Ç—Ä–µ—á–∞–µ—Ç –≤–∏–ª—è—è —Ö–≤–æ—Å—Ç–æ–º.,text,
226,2293699,2022-11-18 13:31:18+00:00,PeerUser(user_id=5228519798),PeerChannel(channel_id=1234644047),,"–¢–æ —á—Ç–æ —Ö–æ—Ö–ª—ã –∫–∞–∫ —à–∞–ª–∞–≤—ã –≤—Å—Ç—Ä–µ—á–∞—é—Ç —Ñ–∞—à–∏—Å—Ç—ã —Å —Ü–≤–µ—Ç–∞–º–∏, –ø—Ä–∏ —á—ë–º —Ç—É—Ç –≤—Å–µ –∏ –≥–æ–≤–Ω–æ?",text,
227,2293693,2022-11-18 13:30:50+00:00,PeerUser(user_id=5294328397),PeerChannel(channel_id=1234644047),,"–°–∞–º–æ–µ –Ω–µ–ø–æ–Ω—è—Ç–Ω–æ–µ –≤ —ç—Ç–æ–º —Ç–æ, —á—Ç–æ —Å–æ–≤–µ—Ç—Å–∫–∞—è –≤–ª–∞—Å—Ç—å —Å–∫—Ä—ã–≤–∞–ª–∞ –æ—Ç —Å–≤–æ–µ–≥–æ –∂–µ –Ω–∞—Ä–æ–¥–∞ —ç—Ç—É –ø—Ä–∞–≤–¥—É. –ú–∏—Ñ–∏—á–µ—Å–∫–∞—è ""–¥—Ä—É–∂–±–∞ –Ω–∞—Ä–æ–¥–æ–≤"" —Ç–∞–∫ –∑–∞—Å—Ä–∞–ª–∞ –Ω–∞–º –º–æ–∑–≥–∏, —á—Ç–æ –º–Ω–æ–≥–∏–µ –∏–∑ –Ω–∞—Å –¥–æ —Å–∏—Ö –ø–æ—Ä —Å—á–∏—Ç–∞—é—Ç —Ö–æ—Ö–ª–æ–≤ –±—Ä–∞—Ç—å—è–º–∏. –ù–∏–∫–æ–≥–¥–∞ –Ω–µ–ª—å–∑—è —Å–∫—Ä—ã–≤–∞—Ç—å –ø—Ä–∞–≤–¥—É.",text,
228,2293691,2022-11-18 13:30:34+00:00,PeerUser(user_id=199043663),PeerChannel(channel_id=1234644047),,–õ—å–≤–æ–≤ –ø–æ–ª—å—à–µ–π –±—ã–ª),text,
229,2293687,2022-11-18 13:30:21+00:00,PeerUser(user_id=1434481698),PeerChannel(channel_id=1234644047),,–ò —Ç–∞–∫ –∏–∑ –≤–µ–∫–∞ –≤ –≤–µ–∫,text,
230,2293686,2022-11-18 13:30:16+00:00,PeerUser(user_id=5224742239),PeerChannel(channel_id=1234644047),,–õ—å–≤–æ–≤ —Ç–æ–∂–µ –≤—Å—Ç—Ä–µ—á–∞–ª —Ñ–∞—à–∏—Å—Ç–æ–≤ —Ö–ª–µ–±–æ–º-—Å–æ–ª—å—é –∏ –ø–∞—Ä–∞–¥–∞–º–∏ –∑–∏–≥—É—é—â–∏—Ö –ª—å–≤–æ–≤—Å–∫–∏—Ö –±–∞–± –≤ –≤—ã—à–∏–≤–∞–Ω–∫–∞—Ö. –§–æ—Ç–æ –µ—Å—Ç—å –≤ —Å–µ—Ç–∏.,text,
231,2293679,2022-11-18 13:29:14+00:00,PeerUser(user_id=5634733079),PeerChannel(channel_id=1234644047),,"–í–µ—Ä—Å–∏–π –º–Ω–æ–≥–æ, –∞ –≥–µ–Ω–µ—Ç–∏—á–µ—Å–∫–∏–µ –∞–Ω–∞–ª–∏–∑—ã –î–ù–ö –Ω–∏–∫—É–¥–∞ –Ω–µ –¥–µ–Ω–µ—à—å. –ú–æ–∂–µ—Ç–µ –¥–∞–∂–µ –∫–∞—Ä—Ç—É –ø–æ—Å–º–æ—Ç—Ä–µ—Ç—å –µ–≤—Ä–æ–ø–µ–π—Å–∫—É—é –≥–µ–Ω–µ—Ç–∏—á–µ—Å–∫—É—é - —Ä–∞—Å–ø—Ä–æ—Å—Ç—Ä–∞–Ω–µ–Ω–∏–µ –≥–∞–ø–ª–æ–≥—Ä—É–ø–ø –≤ —Ä–∞–∑–Ω—ã—Ö —Å—Ç—Ä–∞–Ω–∞—Ö –ï–≤—Ä–æ–ø—ã.
–ï—â—ë —Ä–∞–∑ –ø–æ–¥—á–µ—Ä–∫–Ω—É - —Ä–µ—à–∞–µ—Ç –Ω–µ –≥–µ–Ω–µ—Ç–∏–∫–∞, –∞ –∏–¥–µ–∏ –∏ —É–±–µ–∂–¥–µ–Ω–∏—è –∏ –æ—Å–æ–∑–Ω–∞–Ω–∏–µ —Å–µ–±—è –≤ —Ç–æ–π –∏–ª–∏ –∏–Ω–æ–π —Å–∏—Å—Ç–µ–º–µ –∫–æ–æ—Ä–¥–∏–Ω–∞—Ç.",text,
232,2293658,2022-11-18 13:26:42+00:00,PeerUser(user_id=1495698782),PeerChannel(channel_id=1234644047),,"–¢–∞–∫ —Ç–æ –Ω–µ–º—Ü—ã –±—ã–ª–∏ —Ç–æ–∂–µ –ø—Ä–æ—Ç–∏–≤, —á—Ç–æ–±—ã –£–∫—Ä–∞–∏–Ω–∞ –∏–º–µ–ª–∞ —Å–≤–æ—é –∞—Ä–º–∏—é.",text,
233,2293644,2022-11-18 13:24:37+00:00,PeerUser(user_id=1712783298),PeerChannel(channel_id=1234644047),,"–£ –Ω–∏—Ö –¥–∞–∂–µ —Ñ–∞–º–∏–ª–∏–∏ —Å –∂–∏—Ç–µ–ª—è–º–∏ –ö—É–±–∞–Ω–∏ –æ–¥–∏–Ω–∞–∫–æ–≤—ã–µ, –æ —á–µ–º —Ç—ã",text,
234,2293636,2022-11-18 13:23:40+00:00,PeerUser(user_id=5771265981),PeerChannel(channel_id=1234644047),,–ö–∞–∫ —ç—Ç–æ –æ—Ç–Ω–æ—Å–∏—Ç—Å—è –∫ –Ω–∞—Å—Ç–æ—è—â–µ–º—É –≤—Ä–µ–º–µ–Ω–∏? –ì–¥–µ –ø–æ—Ç–æ–º–∫–∏ —ç—Ç–∏—Ö –ø–∞–≤—à–∏—Ö? –†–∞—Å—Ç–æ–ø—Ç–∞–ª–∏ –ø–∞–º—è—Ç—å –∏ –Ω–∞—Å–ª–µ–¥–∏–µ —Å–≤–æ–∏—Ö –ø—Ä–µ–¥–∫–æ–≤ –∏ –≤–æ—é—é—Ç —Å –ù–ê–¢–û –ø—Ä–æ—Ç–∏–≤ –Ω–∞—Å.,text,
235,2293635,2022-11-18 13:23:36+00:00,PeerUser(user_id=627245713),PeerChannel(channel_id=1234644047),,–ù–µ—Ç. –í–µ—Ä—Å–∏–π –º–Ω–æ–≥–æ.,text,
236,2293617,2022-11-18 13:21:11+00:00,PeerUser(user_id=5634733079),PeerChannel(channel_id=1234644047),,"–ß–∏—Ç–∞–ª, —á—Ç–æ —É —Ü–µ–Ω—Ç—Ä–∞–ª—å–Ω—ã—Ö —Ä—É—Å—Å–∫–∏—Ö –≥–µ–Ω–µ—Ç–∏–∫–∞ –≤–æ–æ–±—â–µ –Ω–∞ 100% —Å—Ö–æ–¥–Ω–∞ —Å –≥–µ–Ω–µ—Ç–∏–∫–æ–π –ø–æ–ª—è–∫–æ–≤.",text,
237,2293613,2022-11-18 13:20:05+00:00,PeerUser(user_id=1495698782),PeerChannel(channel_id=1234644047),,–®–æ–ª—å—Ü –µ–≤—Ä–µ–π,text,
238,2293603,2022-11-18 13:19:18+00:00,PeerUser(user_id=592537998),PeerChannel(channel_id=1234644047),,–•–æ—Ö–ª—ã –±—ã–ª–∏ –≤—Å–µ–≥–¥–∞,text,
239,2293598,2022-11-18 13:18:49+00:00,PeerUser(user_id=1055865165),PeerChannel(channel_id=1234644047),,"–î–∞ –≤—ã –æ—Ñ–∏–≥–µ–ª–∏ —Ü–µ–Ω—Ç—Ä –ö–∏–µ–≤–∞ 6 –¥–Ω–µ–π –≥–æ—Ä–µ–ª, –∫–æ–º–∞–Ω–¥–Ω—ã–π —à—Ç–∞–± –≤–∑–ª–µ—Ç–µ–ª –Ω–∞ –≤–æ–∑–¥—É—Ö, –∫–ª—É–± —Å –Ω–µ–º—Ü–∞–º–∏ —Ç–æ–∂–µ —Ä–≤–∞–Ω—É–ª–∏",text,
240,2293592,2022-11-18 13:17:52+00:00,PeerUser(user_id=5634733079),PeerChannel(channel_id=1234644047),,"–ì–µ–Ω–µ—Ç–∏–∫–∞ —É —Ä—É—Å—Å–∫–∏—Ö, –±–µ–ª–æ—Ä—É—Å–æ–≤, —É–∫—Ä–∞–∏–Ω—Ü–µ–≤ –∏ —á–∞—Å—Ç–∏ –ø–æ–ª—è–∫–æ–≤ –æ–¥–∏–Ω–∞–∫–æ–≤–∞—è. –ß—Ç–æ-—Ç–æ —Ç–∞–º —Ç–∏–ø–∞ R1",text,
241,2293575,2022-11-18 13:14:59+00:00,PeerUser(user_id=627245713),PeerChannel(channel_id=1234644047),,–î—Ä—É–≥–∞—è —É –Ω–∏—Ö –≥–µ–Ω–µ—Ç–∏–∫–∞üòí,text,
242,2293574,2022-11-18 13:14:59+00:00,PeerUser(user_id=5164575200),PeerChannel(channel_id=1234644047),,–ó–∞—Ä—è–∂–∞–π —Å–æ–ª—Ü–µ–ø–µ–∫.–ó–∞ –ø–∞—Ü–∞–Ω–æ–≤!,text,
243,2293568,2022-11-18 13:14:19+00:00,PeerUser(user_id=5634733079),PeerChannel(channel_id=1234644047),,"–ì–µ–Ω–µ—Ç–∏–∫–∞ —É –Ω–∏—Ö –æ–¥–∏–Ω–∞–∫–æ–≤–∞—è —Å —Ä—É—Å—Å–∫–∏–º–∏. –¢–∞–∫ —á—Ç–æ –Ω–µ—Ç, –Ω–µ –≥–µ–Ω–µ—Ç–∏–∫–∞. –ò–¥–µ—è. –ò–¥–µ—è —É–∫—Ä–∞–∏–Ω—Å—Ç–≤–∞",text,
244,2293567,2022-11-18 13:14:18+00:00,PeerUser(user_id=832194360),PeerChannel(channel_id=1234644047),,–ê –ø–æ—Ç–æ–º —Ä–∞–¥–æ—Å—Ç–Ω–æ –ø—Ä–æ–≤–æ–∂–∞–ª–∏ —Å–≤–æ–∏—Ö –±–∞–Ω–¥–µ—Ä–æ–≤—Ü–µ–≤ –≤ —Ä—è–¥–∞—Ö –¥–∏–≤–∏–∑–∏–∏ –°–° ¬´–ì–∞–ª–∏—á–∏–Ω–∞¬ª,text,
245,2293565,2022-11-18 13:14:06+00:00,PeerUser(user_id=5558763224),PeerChannel(channel_id=1234644047),,–ü–æ—á–µ–º—É –∂–µ?,text,
246,2293557,2022-11-18 13:13:18+00:00,PeerUser(user_id=1174809928),PeerChannel(channel_id=1234644047),,"–ù—É –µ—Å–ª–∏ —á–µ—Å—Ç–Ω–æ —Ñ—Ä–∏—Ü—ã –ª—é–±–∏–ª–∏ –ø–æ–∫–∞–∑–∞—Ç–µ–ª—å–Ω—ã–µ –≤–∏–¥–µ–æ —Å–Ω–∏–º–∞—Ç—å –¥–ª—è –µ–≤—Ä–æ–≥–µ–π—Ü–µ–ø, –ø–æ–∫–∞–∑—ã–≤–∞—Ç—å –∫–∞–∫–∏–µ –æ–Ω–∏ —Ö–æ—Ä–æ—à–∏–µ –æ—Å–≤–æ–±–æ–¥–∏—Ç–µ–ª–∏! –ê –∑–∞ –∫–∞–¥—Ä–æ–º –≤—Å–µ –±—ã–ª–æ –∏–Ω–∞—á–µ! –ê –ø–æ–¥ –¥—É–ª–æ–º –∞–≤—Ç–æ–º–∞—Ç–∞ —á—Ç–æ —Ö–æ—á–µ—à—å —Å–Ω–∏–º–µ—à—å!",text,
247,2293536,2022-11-18 13:10:27+00:00,PeerUser(user_id=1547697844),PeerChannel(channel_id=1234644047),,"–£ –ø—Ä–∏–±–∞–ª—Ç–æ–≤ —Ç–∞–º –æ–¥–Ω–∞ –∫—Ä–æ–≤—å —Å –ø–æ–ª—è–∫–∞–º–∏, —É –º–æ–µ–π –ø–æ–¥—Ä—É–≥–∏  –ø—Ä–∞–±–∞–±—É—à–∫—É –∏–∑ –∑–Ω–∞—Ç–Ω–æ–≥–æ —Ä–æ–¥–∞ –ª–∏—Ç–æ–≤—Å–∫–æ-–ø–æ–ª—å—Å–∫–æ–≥–æ, –µ—ë –ø—Ä–∞–±–∞–±—É—à–∫—É –∏ –ø—Ä–∞–¥–µ–¥ –≤ 40-—Ö –¥–µ–ø–æ—Ä—Ç–∏—Ä–æ–≤–∞–ª–∏ –≤ –°–∏–±–∏—Ä—å.",text,
248,2293532,2022-11-18 13:10:02+00:00,PeerUser(user_id=888461367),PeerChannel(channel_id=1234644047),,"–ü–æ–ª–º–∏–ª–ª–∏–æ–Ω–∞ –ø–∞–≤—à–∏—Ö –∏ –ø–æ–ø–∞–≤—à–∏—Ö –≤ –ø–ª–µ–Ω –ø–æ–¥ –ö–∏–µ–≤–æ–º, —Ç–∞–∫ –∂–µ ""–æ—Å–≤–æ–±–æ–¥–∏—Ç–µ–ª–µ–π"" –≤—Å—Ç—Ä–µ—á–∞–ª–∏ ü§¶‚Äç‚ôÇÔ∏è? –ù–µ –Ω–µ—Å–∏—Ç–µ —Ö—Ä–µ–Ω—å!",text,
249,2293526,2022-11-18 13:09:18+00:00,PeerUser(user_id=627347600),PeerChannel(channel_id=1234644047),,"–•—É–µ—Å–æ—Å—ã –æ—Å—Ç–∞–ª–∏—Å—å —Ö—É–µ—Å–æ—Å–∞–º–∏
–í –ö—É–µ–≤–µ –≤—Å–µ —Å—Ç–∞–±–∏–ª—å–Ω–æ",text,
250,2293522,2022-11-18 13:09:03+00:00,PeerUser(user_id=1722804457),PeerChannel(channel_id=1234644047),,"–û—Å–Ω–æ–≤–∞—Ç–µ–ª—å –∞–ª—å—è–Ω—Å–∞ –ù–ê–¢–û —Ç–æ–∂–µ –Ω–∞—Ü–∏—Å—Ç. –ê —Ç–∞–∫ —Ç–æ –¥–∞, –∞–ª—å—è–Ω—Å —Å–æ–∑–¥–∞–Ω, –∫–∞–∫ –æ–±–æ—Ä–æ–Ω–∏—Ç–µ–ª—å–Ω—ã–π 100% - –Ω–∏–∫–∞–∫–æ–π –º–µ—Å—Ç–∏, –Ω–∏–∫–∞–∫–æ–≥–æ —Ä–µ–≤–∞–Ω—à–∏–∑–º–∞))",text,
251,2293512,2022-11-18 13:08:05+00:00,PeerUser(user_id=1350463802),PeerChannel(channel_id=1234644047),,"–©–∞—Å —Ö–æ—Ö–ª—è—Ç–∞ —Ç–∞–∫ –≤—Å–µ—Ö –≤—Å—Ç—Ä–µ—á–∞—é—Ç , –≤–Ω–µ –∑–∞–≤–∏—Å–∏–º–æ—Å—Ç–∏ –æ—Ç —Ñ–ª–∞–≥–∞ )
–¢–∏–ø–æ –∫—Ç–æ –ø—Ä–∏—à—ë–ª, —Ç–æ—Ç –∏ –¥—Ä—É–≥))",text,
252,2293502,2022-11-18 13:07:00+00:00,PeerUser(user_id=627245713),PeerChannel(channel_id=1234644047),,–ê—Ä–∏–π—Ü—ãü§îü§£ü§£ü§£ü§£ü§£ü§£ü§£,text,
253,2293498,2022-11-18 13:06:10+00:00,PeerUser(user_id=882260836),PeerChannel(channel_id=1234644047),,–ò –≤ 41–º —á–µ—Ç –Ω–µ —Ç–æ —É –µ–±–∞–ª–æ–≤ —Ö–æ—Ö–ª–æ–≤üòÅ,text,
254,2293491,2022-11-18 13:05:00+00:00,PeerUser(user_id=5171309814),PeerChannel(channel_id=1234644047),,"–ü—Ä–µ–¥–∞—Ç–µ–ª–∏ –∏ –∂–æ–ø–æ–ª–∏–∑—ã –Ω–∞ –≥–µ–Ω–µ—Ç–∏—á–µ—Å–∫–æ–º —É—Ä–æ–≤–Ω–µ, –∏ —Å–µ–π—á–∞—Å –æ–Ω–∏ —Ç–∞–∫–∏–µ –∂–µ, –æ—Ç –º–∞–ª–æ –¥–æ –≤–µ–ª–∏–∫–æ, —É–±–ª—é–¥–∫–∏ –∏ –≤—ã—Ä–æ–∂–¥–µ–Ω—Ü—ã. –í –ø—ã–ª—å —Ö–æ—Ö–ª–æ–≤ –ø–æ–≥–æ–ª–æ–≤–Ω–æüòÅ",text,
255,2293489,2022-11-18 13:04:52+00:00,PeerUser(user_id=1150023353),PeerChannel(channel_id=1234644047),,–ò–¥–µ–æ–ª–æ–≥–∏—è —Å–∫–æ—Ä–µ–µ,text,
256,2293487,2022-11-18 13:04:46+00:00,PeerUser(user_id=627245713),PeerChannel(channel_id=1234644047),,–î–∞ –∏ —Ö–µ—Ä –Ω–∞ –Ω–∏—Ö,text,
257,2293476,2022-11-18 13:02:40+00:00,PeerUser(user_id=1375540336),PeerChannel(channel_id=1234644047),,"–¢–∞–∫ –µ—Å–ª–∏ –ø–æ–¥–Ω—è—Ç—å —Ä–æ–¥–æ—Å–ª–æ–≤–Ω—É—é –µ–≤—Ä–æ–ø–µ–π—Ü–µ–≤ –∏ –ø—Ä–∏–±–∞–ª—Ç–æ–≤ –∫–æ—Ç–æ—Ä—ã–µ —É –≤–ª–∞—Å—Ç–∏, —Ç–æ –æ–Ω–∏ –≤—Å–µ –ø–æ—Ç–æ–º–∫–∏ –Ω–∞—Ü–∏—Å—Ç–æ–≤, –≤–Ω—É–∫–∏ –∏ –ø—Ä–∞–≤–Ω—É–∫–∏, —Ç–æ–≥–æ –∂–µ –®–æ–ª—å—Ü–∞ –ø–æ—Å–º–æ—Ç—Ä–∏—Ç–µ –∫–µ–º –¥–µ–¥ –±—ã–ª",text,
258,2293475,2022-11-18 13:02:33+00:00,PeerUser(user_id=470813715),PeerChannel(channel_id=1234644047),,"–≠—Ç–æ –∂–µ –•–µ—Ä—Å–æ–Ω –Ω–∞ –¥–Ω—è—Ö , –Ω–µ?",text,
259,2293473,2022-11-18 13:02:21+00:00,PeerUser(user_id=1150023353),PeerChannel(channel_id=1234644047),,"–§—É –±–ª—è —Å–º–æ—Ç—Ä–µ—Ç—å –ø—Ä–æ—Ç–∏–≤–Ω–æ, –ø–æ–π–¥—É –ª—É—á—à–µ –Ω–∞ –ú–µ—Ä—Å–µ–¥–µ—Å–µ –≤ –º–∞–≥–∞–∑ —Å—ä–µ–∑–∂—É",text,
260,2293466,2022-11-18 13:00:54+00:00,PeerUser(user_id=2141387170),PeerChannel(channel_id=1234644047),,"–¢–∞–º ""—è"" –ª–∏—à–Ω—è—è!",text,
261,2293463,2022-11-18 13:00:43+00:00,PeerUser(user_id=291265972),PeerChannel(channel_id=1234644047),,–ü–æ-–º–æ–µ–º—É —ç—Ç–æ –Ω–µ –ö–∏–µ–≤,text,
262,2293459,2022-11-18 13:00:31+00:00,PeerUser(user_id=426077399),PeerChannel(channel_id=1234644047),,"–æ, –¥–∞. –≤—Å—Ç—Ä–µ—á–∞ ""–æ—Å–≤–æ–±–æ–¥–∏—Ç–µ–ª–µ–π"" –±—ã–ª–∞ –∑–Ω–∞—Ç–Ω–∞—è. —Ç–æ–ª—å–∫–æ ""–æ—Å–≤–æ–±–æ–¥–∏—Ç–µ–ª–∏"" –∑–∞ 20 –¥–Ω–µ–π –≤—ã–≤–µ–∑–ª–∏ –≤—Å–µ —Å–∞–º–æ–µ —Ü–µ–Ω–Ω–æ–µ –∏ —Ä–∞–∑–≥—Ä–∞–±–∏–ª–∏ –≥–æ—Ä–æ–¥...",text,
263,2293457,2022-11-18 13:00:22+00:00,PeerUser(user_id=5154173331),PeerChannel(channel_id=1234644047),,–ì–µ–Ω–µ—Ç–∏–∫–∞,text,
264,2293455,2022-11-18 13:00:16+00:00,PeerUser(user_id=392473520),PeerChannel(channel_id=1234644047),,–£–¥–∞—Ä –ø–æ –∑–µ–ª–µ–Ω—Å–∫–æ–º—É —É–±—å—ë—Ç –º–∏—Ä–Ω—ã—Ö......,text,
265,2293451,2022-11-18 12:59:48+00:00,PeerUser(user_id=5167844891),PeerChannel(channel_id=1234644047),,"–ñ–∞–ª–µ—Ç—å –ª–∏ —ç—Ç–æ—Ç ¬´–º–∏—Ä–Ω—è–∫¬ª, –∑–Ω–∞—è —á—Ç–æ –æ–Ω–∏ –µ—Å—Ç—å –∏ —á–µ–º –æ–Ω–∏ –≤—Å–µ–≥–¥–∞ –±—ã–ª–∏?",text,
266,2293449,2022-11-18 12:59:24+00:00,PeerUser(user_id=1055865165),PeerChannel(channel_id=1234644047),,"–ê–¥–º–∏–Ω –∑–∞–µ–±–∏—Å—å —Ç—ã —Ç–∞–∫ –≤ –≥–æ–≤–Ω–∏—Ü–æ, –≤—Å–µ—Ö –º–∞–∫–Ω—É–ª, –æ—Å—É–∂–¥–∞—é",text,
267,28400,2022-11-18 12:53:21+00:00,,PeerChannel(channel_id=1387701698),,,photo,
