word;polarity
бесподобный;0.963
невнятный;0.953
отличнейший;0.935
обалденный;0.933
безумно;0.924
непонятно;0.921
неприятно;0.920
отвратный;0.920
нежный;0.916
посредственный;0.912
шикарный;0.908
нелогичный;0.906
клевый;0.898
средненький;0.895
непонятный;0.895
слабенький;0.892
неестественный;0.890
неплохо;0.888
суперский;0.886
неплохой;0.885
тупо;0.882
превосходный;0.881
неоднозначный;0.879
прикольный;0.878
необычный;0.878
красочный;0.876
бессмысленный;0.872
нереальный;0.872
неожиданный;0.872
классный;0.871
офигительный;0.869
непредсказуемый;0.869
изумительный;0.864
неудобный;0.862
безупречно;0.856
тупой;0.854
убогий;0.853
простенький;0.852
разочарованный;0.851
нелепый;0.848
несерьезный;0.847
бесполезный;0.847
безупречный;0.846
непривычный;0.846
удачный;0.846
неторопливый;0.843
жутко;0.843
однозначный;0.841
некрасивый;0.841
ненужный;0.841
потрясающий;0.837
одноразовый;0.836
шикарно;0.836
замечательный;0.836
чудесный;0.834
бесить;0.834
отвратительный;0.833
неприятный;0.830
невзрачный;0.830
плохо;0.829
нереально;0.829
восхитительный;0.827
реалистичный;0.825
невероятный;0.822
добротный;0.822
веселый;0.821
фуфло;0.820
туповатый;0.820
симпатичный;0.819
худой;0.815
фигня;0.813
маловато;0.812
отстой;0.812
продуманный;0.807
банальный;0.806
скучный;0.806
идиотский;0.806
отстойный;0.806
динамичный;0.804
добротно;0.802
нестандартный;0.799
безнадежный;0.799
неудачный;0.798
приятно;0.797
нудно;0.797
ужасно;0.796
гениальный;0.795
любимый;0.794
немаловажный;0.793
классно;0.791
логичный;0.791
круто;0.788
гармоничный;0.786
забавный;0.784
крутой;0.782
однозначно;0.781
слабоватый;0.781
смешной;0.777
продвинутый;0.776
удивительный;0.775
бесконечный;0.775
неудобно;0.774
полнейший;0.774
пошлый;0.772
идеально;0.771
нервно;0.769
жалко;0.769
блестящий;0.768
бредовый;0.767
предсказуемый;0.763
неподходящий;0.761
редко;0.761
понятный;0.759
ярко;0.759
стыдный;0.757
великолепный;0.757
кривой;0.757
плохой;0.756
недовольный;0.754
скучно;0.754
довольный;0.752
терпимый;0.751
непросто;0.751
ужасный;0.750
глубокий;0.748
безумный;0.746
примитивный;0.746
оригинальный;0.744
невозможно;0.742
раскрытый;0.741
неинтересный;0.741
напрягать;0.740
отличный;0.738
своеобразный;0.736
однообразный;0.736
незатейливый;0.735
стильный;0.735
негативный;0.735
обязательно;0.735
корявый;0.735
искренний;0.735
достойный;0.734
сплошной;0.734
ненавязчивый;0.733
порадовать;0.733
смешно;0.733
бездарный;0.733
согласный;0.732
удивительно;0.731
дурацкий;0.731
неспешный;0.730
новенький;0.729
однотипный;0.729
жуть;0.728
разочароваться;0.726
офигенный;0.725
больно;0.724
хреновый;0.723
статичный;0.723
потрясный;0.723
стандартный;0.722
неправильный;0.722
бестолковый;0.721
увлекательный;0.720
унылый;0.719
необычно;0.718
плоский;0.718
подкачать;0.715
необыкновенный;0.715
жуткий;0.715
жалеть;0.715
неповторимый;0.714
надоедать;0.714
незамысловатый;0.713
дико;0.712
приятный;0.712
переставать;0.711
незначительный;0.708
легкий;0.708
отрывать;0.707
логично;0.707
откровенный;0.706
нормально;0.706
несомненный;0.704
насыщенный;0.702
пожалеть;0.701
качественный;0.700
сильно;0.699
вменяемый;0.698
раздражать;0.697
средне;0.697
запутанный;0.696
грустно;0.695
сочный;0.694
супер;0.694
одинаковый;0.694
бесплатно;0.693
неожиданно;0.692
субъективный;0.692
несложный;0.692
незаметно;0.691
бесспорный;0.691
грустный;0.691
толковый;0.690
особенный;0.690
приличный;0.690
класный;0.688
тонкий;0.688
жалкий;0.686
глупый;0.685
неописуемый;0.685
позитивный;0.683
разочаровать;0.683
неоправданный;0.681
худший;0.681
сложный;0.680
идеальный;0.679
малость;0.679
непередаваемый;0.678
непринужденный;0.678
неудачно;0.677
простоватый;0.677
умный;0.676
милый;0.676
забавно;0.675
яркий;0.675
незаменимый;0.675
слабый;0.675
небыть;0.675
отлично;0.673
неинтересно;0.673
портить;0.670
глупо;0.669
страшно;0.667
полезный;0.666
шумный;0.664
нехороший;0.664
цеплять;0.664
настольный;0.663
безобразие;0.663
недостаточно;0.661
сюжетный;0.661
имхо;0.661
непревзойденный;0.660
непростой;0.659
нормальный;0.658
нудный;0.657
недолго;0.657
тянуть;0.656
непродуманный;0.655
отвратно;0.654
впечатлить;0.654
светлый;0.653
невыносимый;0.653
блеклый;0.652
типичный;0.651
недоделанный;0.651
удачно;0.650
равнодушный;0.650
раздражающий;0.649
весело;0.648
мутный;0.648
незаметный;0.647
дотягивать;0.647
вобще;0.644
надоесть;0.643
скучноватый;0.642
страшный;0.642
неприличный;0.642
удивленный;0.642
вялый;0.641
легко;0.641
плавный;0.641
бледный;0.638
завораживающий;0.638
невольно;0.638
грамотно;0.636
эффектный;0.636
сказочный;0.635
получше;0.634
начинающий;0.634
смазанный;0.632
мало;0.632
интересный;0.632
безобразный;0.632
честно;0.631
серый;0.629
переключать;0.629
внятный;0.628
мило;0.628
кошмарный;0.627
адекватный;0.626
отвратительно;0.626
неадекватный;0.625
нравиться;0.624
лишенный;0.623
старенький;0.623
растянутый;0.622
интуитивный;0.621
годиться;0.621
шедевральный;0.620
сравнимый;0.619
сносный;0.618
чуткий;0.618
переживать;0.617
невозможный;0.616
нехватать;0.615
перечисленный;0.615
хилый;0.615
отменный;0.613
необходимый;0.613
неимоверно;0.611
разнообразный;0.611
безликий;0.609
правдоподобный;0.609
четко;0.608
глубоко;0.608
неважно;0.607
безмерно;0.606
небольшой;0.605
интересно;0.605
специфичный;0.601
поразительный;0.601
неспешно;0.600
чумовой;0.600
пустой;0.599
шибко;0.599
редкостный;0.597
правильный;0.597
убожество;0.596
посредственно;0.594
необычайный;0.594
невообразимый;0.594
важно;0.593
мерзкий;0.591
умопомрачительный;0.590
достойно;0.590
четкий;0.588
лишний;0.587
здоровский;0.587
нечасто;0.587
излишний;0.586
вцелый;0.585
бесчисленный;0.584
печальный;0.584
красивый;0.583
тусклый;0.582
актуальный;0.582
спорный;0.582
переплюнуть;0.581
бред;0.580
красочно;0.580
свежий;0.580
задумывать;0.579
неимоверный;0.579
дешевый;0.578
натуральный;0.578
темно;0.576
второстепенный;0.576
особо;0.576
неподготовленный;0.575
органично;0.575
умелый;0.574
гениально;0.574
удобно;0.574
наивный;0.573
чушь;0.573
захватывать;0.573
прилично;0.572
слабовато;0.572
восторг;0.571
теплый;0.571
мрачный;0.570
радовать;0.570
реально;0.569
быстро;0.569
крепко;0.568
грамотный;0.568
элементарный;0.567
размытый;0.566
ручной;0.566
неподражаемый;0.566
сумасшедший;0.565
фантастический;0.565
стоящий;0.564
эмоциональный;0.564
привычно;0.563
ленивый;0.563
заморачивать;0.562
оторваться;0.562
тихо;0.561
прелесть;0.561
улет;0.561
нелинейный;0.561
обожать;0.559
долго;0.559
душевный;0.559
привычный;0.559
осилить;0.559
отпускать;0.558
тяжело;0.558
медленно;0.557
классический;0.557
сложно;0.556
странно;0.556
непосредственный;0.556
подходящий;0.556
безотказный;0.555
непонравиться;0.554
сырой;0.554
навязчивый;0.554
чудесно;0.554
неуверенный;0.552
фига;0.551
дамский;0.551
скудный;0.551
хитрый;0.551
устаревший;0.551
затянутый;0.551
специфический;0.550
жесть;0.550
утомительный;0.549
занудный;0.549
ясный;0.548
захотеться;0.548
бесконечность;0.547
паршивый;0.547
вторичный;0.547
вобщий;0.546
бесплатный;0.545
актуально;0.545
битый;0.545
малоизвестный;0.544
живой;0.544
стильно;0.544
симпотичный;0.544
уникальный;0.543
заумный;0.543
похожий;0.543
светло;0.543
вкусный;0.542
низко;0.540
полезно;0.540
подобранный;0.540
поделка;0.540
испортить;0.540
неровный;0.539
безусловный;0.539
лучший;0.539
соответствующий;0.539
перечитать;0.538
жесткий;0.538
недоумение;0.538
бодрый;0.536
обидно;0.535
надолго;0.535
неверно;0.535
шикарнейший;0.534
плюсовый;0.534
выдающийся;0.533
ровный;0.533
немножко;0.533
незабываемый;0.533
любящий;0.532
желательный;0.532
афигенный;0.532
конкретно;0.531
средненько;0.531
шаблонный;0.531
занятный;0.530
серьезно;0.530
чересчур;0.530
здорово;0.529
советовать;0.529
емкий;0.529
потерянный;0.529
перебор;0.528
чуть-чуть;0.528
непрерывный;0.528
немыслимый;0.528
очевидный;0.527
понятно;0.527
явно;0.526
доступный;0.526
неопытный;0.525
перечислять;0.525
настоятельно;0.524
ерунда;0.524
жестко;0.524
доступно;0.524
тяжелый;0.524
многовато;0.523
сильный;0.523
шедевр;0.522
подробный;0.522
мыльный;0.522
удобный;0.522
точный;0.521
много;0.521
ненадолго;0.521
корректный;0.520
разумный;0.520
немалый;0.520
многообещающий;0.520
завораживать;0.519
длинный;0.519
тупить;0.518
немой;0.518
ужасающий;0.518
замечать;0.517
занимательный;0.517
поверхностный;0.517
полно;0.517
уверенный;0.517
глючный;0.516
ценный;0.516
проходной;0.516
незнакомый;0.516
слепой;0.515
удивить;0.515
самостоятельный;0.515
выдержанный;0.515
виноватый;0.515
непосредственно;0.515
намного;0.515
примитивно;0.514
нетривиальный;0.514
впринципа;0.514
принципиальный;0.514
уставать;0.513
пресный;0.513
отпад;0.512
дошлый;0.512
нелепо;0.512
близко;0.511
мелкий;0.511
печально;0.511
поражать;0.511
прекрасно;0.511
скрытый;0.511
спокойно;0.509
слишком;0.509
совершенно;0.509
угодный;0.508
странный;0.508
оправдывать;0.507
популярный;0.507
хвалебный;0.507
некорректный;0.507
заметный;0.506
захватывающий;0.505
честный;0.505
явный;0.504
чудный;0.504
физический;0.504
громко;0.503
неживой;0.503
медленный;0.503
совсем;0.503
потрясать;0.503
сугубо;0.503
влюбиться;0.503
дикий;0.503
поворачиваться;0.502
логический;0.502
непременно;0.502
бессмертный;0.502
неважный;0.501
хрупкий;0.501
бравый;0.501
существенный;0.501
отзыв;0.501
сломаться;0.501
предвзятый;0.501
обажай;0.500
тугой;0.500
многогранный;0.499
побольше;0.499
примечательный;0.499
нелогично;0.499
маловажный;0.498
изящный;0.498
читаемый;0.498
вообщий;0.497
моментальный;0.497
несчастный;0.497
нежно;0.496
недавно;0.496
стойкий;0.496
уместный;0.495
ограниченный;0.494
нехилый;0.494
неустойчивый;0.493
правильно;0.493
солнечный;0.493
блистать;0.492
заметно;0.490
получиться;0.490
впечатлять;0.490
сбалансированный;0.489
чувствоваться;0.489
глянцевый;0.489
спасать;0.489
дрянь;0.489
невыразительный;0.489
многочисленный;0.488
активный;0.488
неяркий;0.488
атмосферный;0.488
плеваться;0.487
редкий;0.487
профессиональный;0.487
невооруженный;0.486
профессионально;0.486
неискушенный;0.486
скоро;0.486
отрицательный;0.485
спокойный;0.485
видный;0.485
схожий;0.484
трудный;0.484
мощный;0.484
неограниченный;0.484
высший;0.483
никакущий;0.483
практичный;0.483
мрачноватый;0.483
беспощадный;0.483
неоспоримый;0.483
неведомый;0.483
восторженный;0.483
сносно;0.482
плавно;0.482
мягко;0.482
прикол;0.481
хорший;0.481
поганый;0.481
перевернуть;0.481
нейтральный;0.481
колоритный;0.481
противоречивый;0.481
уютный;0.480
неординарный;0.480
средний;0.480
любопытный;0.480
выкинуть;0.479
чудной;0.479
проработанный;0.479
фирменный;0.479
убойный;0.479
короткий;0.478
ушлый;0.478
искрометный;0.478
спорить;0.478
нелегкий;0.478
счастливый;0.477
скученный;0.476
слышать;0.476
ужас;0.476
познавательный;0.476
прекрасный;0.474
одинаково;0.474
чувствительный;0.473
перестать;0.473
безбашенный;0.473
зреть;0.473
гламурный;0.473
никчемный;0.473
хромать;0.473
перемудрить;0.472
хочеться;0.472
наивно;0.472
непохожий;0.471
переходной;0.471
влюбленный;0.471
понравиться;0.470
выразительный;0.470
интерестный;0.470
противопоказанный;0.470
важный;0.470
скользкий;0.469
притягательный;0.469
свойственный;0.469
линейный;0.469
теряться;0.468
хватать;0.468
перегруженный;0.468
ненормальный;0.468
видимый;0.468
лезть;0.468
типично;0.468
невесомый;0.468
закрытый;0.468
ненавидеть;0.468
читабельный;0.468
дешево;0.467
сыроватый;0.467
резкий;0.466
блекнуть;0.466
волшебный;0.465
оправданный;0.465
недурной;0.465
обязательный;0.465
бедный;0.465
плотно;0.465
нескончаемый;0.464
рекомендовать;0.464
ненадежный;0.464
повестись;0.463
недочет;0.463
простой;0.463
устареть;0.463
вытягивать;0.462
реализованный;0.462
независимо;0.462
чисто;0.462
потрясти;0.462
блеск;0.461
повседневный;0.461
всегда;0.460
неоднократно;0.460
слегка;0.460
прекраснейший;0.460
несущественный;0.460
огорчить;0.460
искусственный;0.459
ломаться;0.459
по-настоящему;0.459
знающий;0.459
прочесть;0.459
неловко;0.459
приемлемый;0.459
внимательный;0.458
комп;0.458
тонко;0.458
непростительный;0.457
невысокий;0.457
пережить;0.456
безумие;0.456
частый;0.456
дружелюбный;0.456
правдивый;0.456
перечитывать;0.455
непритязательный;0.455
уступать;0.455
коротенький;0.454
аккуратно;0.453
купля;0.453
безбожно;0.453
старый;0.453
разочарование;0.453
громкий;0.452
богатый;0.452
коротко;0.452
ваща;0.452
родной;0.452
жизненный;0.452
бездарно;0.451
настроить;0.451
противный;0.451
задумчивый;0.451
зеркальный;0.450
тяжеловатый;0.450
динамично;0.450
харизматичный;0.450
неверный;0.450
ясно;0.449
пригодный;0.449
переигрывать;0.449
пригодиться;0.449
всяческий;0.449
мягкий;0.449
развитой;0.449
неуклюжий;0.449
нервный;0.448
открытый;0.448
тянутый;0.448
независимый;0.448
возможный;0.448
довольно-таки;0.448
знакомый;0.448
критично;0.448
вечно;0.447
хватить;0.447
добрый;0.447
скромный;0.447
пафосный;0.447
нерв;0.447
глухой;0.446
немало;0.446
обнаружить;0.445
упрощенный;0.445
неполный;0.445
тратить;0.445
повезти;0.445
улыбнуть;0.445
заурядный;0.445
присущий;0.445
зацепить;0.444
разочаровывать;0.444
контрастный;0.444
подробно;0.443
прямой;0.443
чистый;0.442
неубиваемый;0.442
романтичный;0.442
искуственный;0.442
отменно;0.441
указанный;0.441
перевешивать;0.441
недоступный;0.441
чертовски;0.441
нужный;0.439
недостаточный;0.439
трудно;0.439
привлекательный;0.438
пахнуть;0.438
безграничный;0.438
объективный;0.437
допустимый;0.437
жизненно;0.436
вдумчивый;0.436
негатив;0.436
расплывчатый;0.436
необязательно;0.436
дурной;0.435
бодро;0.435
некачественный;0.435
летать;0.435
надежный;0.435
утомлять;0.435
умеренный;0.434
резко;0.434
человечный;0.434
требовательный;0.433
малейший;0.433
женственный;0.433
драматичный;0.433
модный;0.433
любимейший;0.432
картонный;0.432
пробовать;0.432
детский;0.432
заморочка;0.432
вечный;0.432
громоздкий;0.432
безусловно;0.431
хороший;0.431
надуманный;0.431
живучий;0.431
недорогой;0.431
дебильный;0.431
объемный;0.430
красный;0.430
пристойный;0.430
комфортный;0.430
дотянуть;0.430
разобраться;0.430
париться;0.430
ожидать;0.429
прямолинейный;0.429
единый;0.429
адекватно;0.429
прочный;0.429
недостаток;0.429
недавний;0.429
начальный;0.428
неказистый;0.428
включаться;0.428
шустрый;0.428
бесенок;0.427
известный;0.427
везде;0.427
взрослый;0.427
выгодный;0.427
сравниться;0.427
знаковый;0.427
темный;0.427
непрерывно;0.427
смести;0.426
незнать;0.426
продолжительный;0.426
пересматривать;0.426
омерзительный;0.425
философский;0.425
жутковатый;0.425
замеченный;0.425
великий;0.425
бережно;0.425
ругать;0.424
недолгий;0.424
изредка;0.424
пересмотреть;0.424
выгодно;0.424
двоякий;0.423
мобильный;0.423
мгновенно;0.423
плакать;0.423
покруче;0.423
неминуемый;0.423
абсолютно;0.422
таскать;0.422
тупость;0.422
мучать;0.422
бездумный;0.422
неизвестный;0.421
естественный;0.421
внимательно;0.421
скользить;0.421
переборщить;0.421
пропадать;0.420
фэнтезийный;0.420
интенсивный;0.420
бесценный;0.420
ощутимый;0.420
мешать;0.420
дохлый;0.419
идиотизм;0.419
поразить;0.419
затягивать;0.419
зачем;0.419
похуже;0.419
кратко;0.418
грубый;0.418
нехитрый;0.418
вериться;0.418
информативный;0.418
несовершенный;0.417
отпадный;0.417
навороченный;0.417
пришлый;0.416
эффективный;0.416
настоящий;0.416
неудобство;0.416
ронять;0.416
визуальный;0.416
кончиться;0.416
передний;0.416
переворачивать;0.416
случайно;0.415
противно;0.415
кажеться;0.415
изрядно;0.414
проблематичный;0.414
простенько;0.414
придираться;0.413
пластмассовый;0.413
распространенный;0.413
реагировать;0.412
хрен;0.412
вставлять;0.412
небогатый;0.412
переносить;0.412
глюк;0.411
немецкий;0.411
благодарный;0.411
забывать;0.411
трогательный;0.411
пугать;0.410
трогать;0.410
универсальный;0.410
противоположный;0.410
малый;0.409
немного;0.409
ранний;0.409
встречать;0.409
сомневаться;0.409
конкретный;0.408
аккуратный;0.408
выключить;0.408
косяк;0.408
меньший;0.408
глубже;0.408
пародия;0.407
приближенный;0.407
убедительный;0.407
нехорошо;0.407
левый;0.407
искушенный;0.407
нести;0.407
странноватый;0.407
лаконичный;0.407
дерьмо;0.407
слышный;0.407
равный;0.405
жаловаться;0.405
нечеловеческий;0.405
мелочь;0.405
готовый;0.405
всеравно;0.405
значительный;0.404
придумать;0.404
хрень;0.404
удаленный;0.404
похвала;0.403
улетный;0.403
широкий;0.403
запредельный;0.403
сомнительный;0.403
придирчивый;0.403
оставлять;0.402
мерзко;0.402
незаслуженно;0.402
монотонный;0.402
изящно;0.402
садить;0.402
стремный;0.402
расстроить;0.402
помогать;0.401
защищенный;0.401
кнопочка;0.401
запоминающийся;0.401
весомый;0.401
дневной;0.401
черно-белый;0.401
поделать;0.400
увесистый;0.400
потянуть;0.400
положительный;0.400
полюбить;0.400
респект;0.400
случайный;0.400
непостижимый;0.400
мистический;0.399
очень-очень;0.399
характерный;0.399
перечислить;0.399
неизменный;0.399
очередной;0.398
узнаваемый;0.398
гадость;0.398
узкий;0.398
гордый;0.398
эпический;0.398
несложно;0.398
вполне;0.398
тащиться;0.398
быстрый;0.398
перевести;0.398
чудовищный;0.398
вначале;0.398
очаровательный;0.398
уметь;0.397
переплетение;0.397
впечатлительный;0.397
далеко;0.396
потраченый;0.396
цифровой;0.396
раздумывать;0.396
напрочь;0.396
верный;0.396
нескольку;0.395
объективно;0.395
животный;0.395
повыше;0.395
принудительный;0.395
невидимый;0.395
перенасыщенный;0.395
ладно;0.395
бешеный;0.394
простейший;0.394
избитый;0.394
одновременно;0.394
нелюбимый;0.394
халтура;0.393
божественный;0.393
урезанный;0.393
скачать;0.393
выдуманный;0.393
способный;0.393
смертельный;0.393
помешать;0.393
великолепнейший;0.393
доставать;0.393
наслаждаться;0.393
смог;0.392
неуместный;0.392
говорящий;0.391
твердый;0.391
ощущение;0.391
устраивать;0.391
сдохнуть;0.391
заданный;0.391
ценить;0.391
нелегко;0.391
самодостаточный;0.391
здравый;0.391
жрать;0.391
сопереживать;0.390
беспорядочный;0.390
виртуальный;0.390
сделаный;0.390
полноценный;0.390
органичный;0.389
туда-сюда;0.389
нещадно;0.389
неизбежный;0.389
радостный;0.389
мочилов;0.389
забытый;0.389
роскошный;0.388
связанный;0.388
вызывающий;0.388
умно;0.388
затягивающий;0.387
сногсшибательный;0.387
оправдаться;0.387
любительский;0.387
достоин;0.387
близкий;0.386
восхищать;0.386
попсовый;0.386
многолетний;0.386
лапочка;0.386
тыкать;0.386
отходить;0.385
оптимальный;0.385
отдыхать;0.385
толстый;0.385
юморной;0.385
глючить;0.385
срабатывать;0.385
скупой;0.384
листать;0.384
здоровый;0.384
простительный;0.383
етый;0.383
культовый;0.383
заметить;0.383
ошибаться;0.383
неполноценный;0.383
атмосферно;0.383
несмешной;0.382
двойственный;0.382
тормозить;0.382
крупный;0.382
задуматься;0.382
абсолютный;0.381
захватывающ;0.381
неглубокий;0.381
неясно;0.381
общий;0.381
неправдоподобный;0.381
модно;0.381
ошибиться;0.381
обширный;0.381
жестокий;0.380
визуально;0.380
перекрывать;0.380
значимый;0.380
успешно;0.380
уверенно;0.380
возможно;0.380
обязанный;0.380
подводить;0.380
бездушный;0.379
забитый;0.379
крепкий;0.379
виснуть;0.379
низкий;0.379
отличаться;0.379
тяжеловесный;0.379
радоваться;0.379
хорошо;0.379
уныло;0.379
стеб;0.378
абсурдный;0.378
мучительный;0.378
розовый;0.378
свежо;0.378
очень-то;0.378
догадаться;0.378
удовольствие;0.378
замысловатый;0.378
маразм;0.378
переводчик;0.377
по-другому;0.377
внешне;0.377
высоко;0.377
замороченный;0.377
внушительный;0.377
невразумительный;0.377
запоминаться;0.376
грязный;0.376
чувствовать;0.376
эротический;0.375
сочно;0.375
условно;0.375
устать;0.374
пойма;0.374
дождаться;0.374
сопли;0.374
размазанный;0.374
молодец;0.374
заслуживать;0.373
обращать;0.373
обидный;0.373
привыкнуть;0.373
серьезный;0.373
обыкновенный;0.373
стереть;0.373
ощутимо;0.372
придраться;0.372
неочень;0.372
перейти;0.372
шагом;0.371
неловкий;0.371
малюсенький;0.371
передать;0.371
стальной;0.371
зависнуть;0.371
переходящий;0.371
среднестатистический;0.371
удивляться;0.371
слушать;0.370
эдак;0.370
эстетический;0.370
мудрый;0.370
альтернативный;0.370
попасться;0.370
кайф;0.369
хлипкий;0.369
правый;0.369
безысходность;0.369
тошнить;0.369
настолько;0.369
бесшумный;0.368
перерыв;0.368
удаться;0.368
обыденный;0.368
ностальгический;0.368
запомниться;0.367
величайший;0.367
показаться;0.367
острый;0.367
дополнительный;0.367
провальный;0.366
уродливый;0.366
тщательно;0.366
грубоватый;0.366
злобный;0.366
гнаться;0.366
тоненький;0.365
ценитель;0.365
выдерживать;0.365
подругий;0.364
дорасти;0.364
карманный;0.364
самостоятельно;0.364
резать;0.364
строгий;0.364
реальный;0.364
нелогичность;0.363
многозначительный;0.363
комплект;0.363
попадаться;0.363
ничуть;0.363
применимый;0.363
пресловутый;0.363
невзначай;0.363
неподвижный;0.363
приключенческий;0.362
устойчивый;0.362
цельный;0.362
интереснейший;0.362
фоновый;0.362
деревянный;0.362
идентичный;0.362
детально;0.362
влиять;0.362
неряшливый;0.361
кошмар;0.361
исключительный;0.361
поучительный;0.361
человеческий;0.361
куча;0.361
слышно;0.361
заманчивый;0.360
почитать;0.360
глобальный;0.360
беспокоить;0.360
нечеткий;0.360
маловат;0.360
недоработка;0.360
одновременный;0.359
удовлетворенный;0.359
давить;0.359
снятой;0.358
опытный;0.358
извинить;0.358
женский;0.358
тонуть;0.357
отчетливый;0.357
активно;0.357
осторожный;0.357
слабонервный;0.357
перенести;0.357
напрасно;0.356
гладко;0.356
прелестный;0.356
нажимать;0.356
щемящий;0.356
обычный;0.356
пронзительный;0.356
мучительно;0.355
осмысленный;0.355
беспрерывный;0.355
научиться;0.355
качать;0.355
цветной;0.355
отзывчивый;0.355
должный;0.355
обратно;0.355
единственно;0.355
минимальный;0.355
смеяться;0.355
наизусть;0.354
переходный;0.354
нетерпение;0.354
неспособный;0.354
успевать;0.354
достаточный;0.353
еле-еле;0.353
занудно;0.353
передовой;0.353
плотный;0.352
тяжеловато;0.352
капризный;0.352
навсегда;0.352
заряжаться;0.352
погружаться;0.352
перевод;0.352
низкопробный;0.352
камерный;0.352
маленький;0.352
чуточку;0.351
романтический;0.351
критичный;0.351
неслабый;0.351
брутальный;0.351
мощно;0.351
неидеальный;0.350
китайский;0.350
безукоризненный;0.350
стереться;0.350
врать;0.350
неточность;0.350
невозможность;0.350
окончательный;0.350
валяться;0.350
индивидуальный;0.350
неизгладимый;0.349
муть;0.349
хорошое;0.349
сумашедший;0.349
повышенный;0.348
столь;0.348
пусто;0.348
подкупать;0.348
рубилов;0.348
неумение;0.348
сойти;0.348
расстроенный;0.347
любопытно;0.347
заглавный;0.347
удивиться;0.347
переводить;0.347
словарный;0.347
увлекать;0.347
неубедительно;0.347
чувственный;0.346
подвести;0.346
бояться;0.346
темнота;0.346
заставлять;0.346
корректно;0.346
тривиальный;0.346
ненавистный;0.346
описать;0.346
хорошенький;0.345
сторонний;0.345
беспроводный;0.345
неприхотливый;0.345
кончаться;0.345
впечатление;0.345
добавленный;0.345
столько;0.345
любоваться;0.344
несоответствие;0.344
топорный;0.344
получаться;0.344
трагичный;0.344
курить;0.344
матовый;0.344
сломать;0.344
невменяемый;0.344
некогда;0.344
игрушечный;0.343
помоему;0.343
бредятин;0.343
будить;0.343
зачем-то;0.343
фантастически;0.343
серебристый;0.343
достоверно;0.343
попроще;0.343
вправду;0.343
идеал;0.343
адаптированный;0.342
расставаться;0.342
сопливый;0.342
превзойти;0.342
хотеться;0.342
художественно;0.342
беспросветный;0.342
воспринимать;0.342
проникнуться;0.342
основательный;0.342
принятый;0.342
мурашка;0.341
дорогой;0.341
слащавый;0.341
интеллектуальный;0.341
невнятно;0.341
завидовать;0.341
небанальный;0.341
золотой;0.341
проблемма;0.340
помнить;0.340
побояться;0.340
настраивать;0.340
встроеный;0.340
искаженный;0.339
крайний;0.339
бескорыстный;0.339
набор;0.339
прозрачный;0.339
яркость;0.339
школьный;0.338
определенный;0.338
одноклассник;0.338
предельно;0.338
чего-то;0.338
слюнявый;0.338
плоско;0.338
несравненный;0.338
рабочий;0.338
нигде;0.337
неизменно;0.337
шустро;0.337
обыденно;0.337
тягомотный;0.337
парадоксальный;0.337
увлечь;0.337
погружение;0.337
любитель;0.337
рядовой;0.336
досадный;0.336
никудышный;0.336
смехотворный;0.336
разный;0.336
зависимый;0.336
деться;0.336
читаться;0.336
довольно;0.335
безвкусный;0.335
древний;0.335
стирать;0.335
склонный;0.335
послушать;0.335
игровой;0.335
смотреться;0.335
совершенный;0.335
гигантский;0.335
безжалостный;0.334
прорисованный;0.334
преданный;0.334
заново;0.334
лазить;0.334
нередко;0.334
потраченный;0.334
купиться;0.334
простота;0.334
огорчать;0.333
отчий;0.333
мыслимый;0.333
одноименный;0.333
нечаянно;0.333
рулить;0.333
передавать;0.333
критический;0.333
неглупый;0.332
неприглядный;0.332
фиговый;0.332
классика;0.332
аналогичный;0.332
измениться;0.332
напрягаться;0.332
прочтение;0.332
превосходить;0.331
тягомотина;0.331
зеленый;0.331
многократно;0.331
годный;0.331
чрезмерный;0.331
понт;0.331
прочитанный;0.330
обаятельный;0.330
цветовой;0.330
вторично;0.330
комфортно;0.330
лаконично;0.330
перекочевать;0.330
привыкать;0.330
смутно;0.330
художественный;0.330
додуматься;0.330
ощущать;0.329
кидать;0.329
переделать;0.329
условный;0.329
однобокий;0.329
осторожно;0.329
переносной;0.329
фанат;0.329
сказочно;0.329
выдержать;0.329
компенсировать;0.328
дешовый;0.328
длительный;0.328
поворотный;0.328
по-моему;0.328
находка;0.328
желать;0.328
хваленый;0.328
недоработанный;0.328
скука;0.328
описанный;0.328
жать;0.328
скрипеть;0.328
грязно;0.327
рекламный;0.327
задевать;0.327
бесцветный;0.327
приемлимый;0.327
спрашиваться;0.327
тяжеленький;0.327
необычность;0.327
недалекий;0.327
смущать;0.327
незаурядный;0.327
остроумный;0.327
поправимый;0.327
спортивный;0.327
картинка;0.326
повторяться;0.326
отваливаться;0.326
умирать;0.326
разглядеть;0.326
жизнеутверждающий;0.326
мужской;0.326
компьютерный;0.326
угадать;0.325
предусмотренный;0.325
потеряться;0.325
справедливо;0.325
смертный;0.325
заезженный;0.325
зависать;0.325
бумажный;0.325
выводить;0.324
славный;0.324
находить;0.324
наглый;0.324
мрачно;0.324
обманчивый;0.324
безвозвратно;0.324
троечка;0.324
давно;0.324
немолодой;0.324
перемещение;0.324
заряжать;0.323
небрежно;0.323
беситься;0.323
запутанно;0.323
неудивительно;0.323
никуда;0.323
дурно;0.323
беззащитный;0.323
лубочный;0.323
минутный;0.323
уважаемый;0.323
свободно;0.323
понадобиться;0.322
отдельно;0.322
крохотный;0.322
сказка;0.321
сивый;0.321
неуместно;0.321
слабенек;0.321
по-детски;0.320
необходимость;0.320
расслабиться;0.320
отсутствовать;0.320
неясный;0.320
любить;0.320
лиричный;0.320
мудреный;0.320
переходить;0.319
выпуклый;0.319
смахивать;0.319
тоскливый;0.319
напряженный;0.319
неприкрытый;0.319
утонченный;0.318
незнание;0.318
противоударный;0.318
данный;0.318
депрессивный;0.318
необъяснимый;0.318
мозги;0.318
определиться;0.317
посторонний;0.317
развлекательный;0.317
фальшивый;0.317
чистейший;0.317
душевно;0.317
бегать;0.317
убивать;0.317
ностальгия;0.317
нафига;0.317
пронзительно;0.316
точно;0.316
просто;0.316
нешумный;0.316
остроумно;0.316
собственный;0.316
схематичный;0.316
желтый;0.316
кажущийся;0.316
подходить;0.315
зернистый;0.315
жирный;0.315
вылезать;0.315
пропускать;0.315
терять;0.315
выжать;0.315
исходящий;0.315
капелька;0.314
расстроиться;0.314
сознательно;0.314
оправдать;0.314
оттуда;0.314
неумелый;0.314
суровый;0.314
натурально;0.314
качественый;0.314
вкусно;0.314
значительно;0.314
найти;0.313
оторвать;0.313
неубедительный;0.313
тошнотворный;0.313
немудрено;0.313
попутно;0.313
бессвязный;0.313
бережный;0.313
вовсе;0.312
звуковой;0.312
отдельный;0.312
базовый;0.312
беспомощный;0.312
ненормативный;0.312
разнообразие;0.312
безопасный;0.311
творческий;0.311
искажать;0.311
существовать;0.311
сумбурный;0.311
уморительный;0.311
безудержный;0.311
карикатурный;0.311
зависеть;0.310
обреченный;0.310
предостаточно;0.310
подумать;0.310
постоянный;0.310
спец;0.310
жадный;0.310
пролистать;0.310
решиться;0.310
вещь;0.310
конфетка;0.309
голый;0.309
палец;0.309
сравнительно;0.309
сравнить;0.309
демократичный;0.309
незабвенный;0.309
перевернутый;0.309
непонимать;0.309
прописной;0.309
тоскливо;0.309
интеллигентный;0.309
средневековый;0.309
проникновенный;0.308
убийственный;0.308
перестроечный;0.308
освоить;0.308
солидный;0.308
полый;0.308
увлекаться;0.308
нерезкий;0.308
внятно;0.308
книжный;0.308
внушать;0.308
наслышанный;0.308
избалованный;0.307
поменять;0.307
нетипичный;0.307
неблагодарный;0.307
детски;0.307
отключаться;0.306
поиграть;0.306
контраст;0.306
беззаботный;0.306
соответствовать;0.306
угловатый;0.306
дельный;0.306
поддаваться;0.305
засунуть;0.305
припомнить;0.305
цифровикий;0.305
задумка;0.305
перепрошивка;0.305
пошаговый;0.305
посильный;0.305
намертво;0.305
огромный;0.305
дрянной;0.305
неточно;0.305
раскрученный;0.304
бывать;0.304
смелый;0.304
смешить;0.304
затянуть;0.304
резиновый;0.304
крутить;0.304
краткий;0.304
невеселый;0.304
переключить;0.304
цветастый;0.304
ванный;0.303
перепрошивать;0.303
дочитать;0.303
ненастоящий;0.303
неподдельный;0.303
сентиментальный;0.303
класс;0.303
далекий;0.302
специальный;0.302
наблюдать;0.302
постараться;0.302
натянутый;0.302
всевозможный;0.302
безразличный;0.302
пишущий;0.302
туда;0.302
переписывать;0.301
невиданный;0.301
бескомпромиссный;0.301
приедаться;0.301
частенько;0.301
периодически;0.301
туповато;0.301
элегантный;0.301
смешанный;0.301
морально;0.301
запоминать;0.301
летний;0.301
меню;0.300
беспокоиться;0.300
мультяшный;0.300
переданный;0.300
миниатюрный;0.300
мастерский;0.300
заставляющий;0.299
перемотка;0.299
красивейший;0.299
окружающий;0.299
примерно;0.299
добраться;0.299
хвалить;0.299
стеклянный;0.299
удручающий;0.299
незрелый;0.299
придирка;0.299
просматривать;0.298
поздно;0.298
хорошыя;0.298
киношный;0.298
аккумуляторный;0.298
почему-то;0.298
разобрать;0.298
пожелеть;0.298
снимать;0.297
фотикий;0.297
юзать;0.297
замыленный;0.297
недосказанный;0.297
финальный;0.297
эпохальный;0.297
оптимистичный;0.297
вспышка;0.297
прочувствовать;0.297
фокусировать;0.297
искусственно;0.297
невинный;0.297
резвый;0.297
домашний;0.297
несправедливый;0.297
сфоткать;0.296
практический;0.296
игрушка;0.296
умилять;0.296
закономерный;0.296
гротескный;0.296
безуспешный;0.296
вовремя;0.295
долгоиграющий;0.295
нудятин;0.295
теперешний;0.295
недостойный;0.295
технический;0.295
ловить;0.295
бюджетный;0.294
трагично;0.294
неземной;0.294
неаккуратный;0.294
безобидный;0.294
тошно;0.294
нетрадиционный;0.294
текущий;0.294
детективный;0.294
гнусный;0.294
целый;0.294
держать;0.294
претенциозный;0.294
удалить;0.294
многослойный;0.294
западать;0.293
прорезиненный;0.293
ценовой;0.293
бесцельно;0.293
фентезь;0.293
криворукий;0.293
душещипательный;0.293
пыльный;0.293
неожиданность;0.293
даром;0.292
лутший;0.292
заядлый;0.292
копаться;0.292
музыкальный;0.292
фоткай;0.292
изначально;0.292
благородный;0.292
шаблон;0.292
массовый;0.292
экшн;0.292
прихотливый;0.292
скоростной;0.291
изысканный;0.291
топка;0.291
облезть;0.291
встроенный;0.291
толк;0.291
прогадать;0.291
сниться;0.291
успеть;0.290
регулярно;0.290
мучиться;0.290
незаконченный;0.290
прочитать;0.290
душка;0.290
верно;0.290
продолжение;0.290
несвойственный;0.290
поначалу;0.290
истинный;0.290
высочайший;0.290
расширенный;0.289
категорически;0.289
забыть;0.289
ржать;0.289
легендарный;0.289
особый;0.288
наиграться;0.288
высокий;0.288
умести;0.288
бросаться;0.288
некотрый;0.288
благополучный;0.288
невнимательный;0.288
умирающий;0.288
синий;0.288
недалеко;0.288
феерический;0.288
скинуть;0.288
лень;0.288
установленный;0.288
последующий;0.287
сегодняшний;0.287
смазываться;0.287
сюда;0.287
глянуть;0.287
космический;0.287
солидно;0.286
офисный;0.286
скачивать;0.286
дыхание;0.286
всетака;0.286
фотать;0.286
пересказывать;0.286
необъятный;0.286
функциональный;0.286
умеющий;0.286
приторный;0.286
неисчерпаемый;0.286
размеренный;0.286
складно;0.286
убедительно;0.285
старомодный;0.285
поистине;0.285
серо;0.285
наворот;0.285
великоват;0.285
холодный;0.284
вытянуть;0.284
пошловато;0.284
медлительный;0.284
пейзаж;0.284
мудро;0.284
гений;0.284
длинно;0.284
передергивать;0.284
необразованный;0.284
колоритно;0.284
начитаться;0.284
немаленький;0.284
юмористический;0.284
гнетущий;0.284
переваривать;0.284
затмевать;0.284
гуманный;0.283
перематывать;0.283
верх;0.283
стан;0.283
справиться;0.283
резкость;0.283
наткнуться;0.283
кратный;0.283
нездоровый;0.283
переходник;0.283
занятно;0.283
младший;0.282
изза;0.282
переход;0.282
кровавый;0.282
заинтересовать;0.282
вероятно;0.282
чуждый;0.282
признанный;0.282
тормозной;0.282
незавершенный;0.282
оочень;0.282
тягостный;0.282
кое-как;0.282
рыдать;0.282
веревочка;0.282
достать;0.281
цепкий;0.281
сгодиться;0.281
шумно;0.281
обнаруженный;0.281
неопределенный;0.281
пересвечивать;0.280
аутентичный;0.280
смысловой;0.280
перекликаться;0.280
удобоваримый;0.280
ухватистый;0.280
единожды;0.280
вставить;0.280
набитый;0.280
дольше;0.280
наизнанку;0.280
несущий;0.280
живенько;0.280
отключить;0.279
орать;0.279
по-своему;0.279
вычурный;0.279
чтото;0.279
неделя;0.279
неприемлемый;0.279
безысходный;0.279
автоматический;0.278
мельчайший;0.278
хэппи;0.278
существующий;0.278
притензие;0.278
где-нибудь;0.278
ооочень;0.278
жанровый;0.278
расчитывать;0.278
клавый;0.278
мелочный;0.278
гарантированный;0.277
развесистый;0.277
уважать;0.277
разок;0.277
путный;0.277
прошедший;0.277
вылитый;0.277
изюминка;0.277
злободневный;0.277
барахло;0.277
осязаемый;0.277
батарейный;0.277
закрученный;0.276
интригующий;0.276
нарадоваться;0.276
редкость;0.276
фоткать;0.276
символичный;0.276
самый-самый;0.276
зрелищный;0.276
разряжаться;0.276
плоховатый;0.276
целостный;0.276
выключаться;0.276
эргономичный;0.276
вежливый;0.276
старший;0.276
скукотища;0.276
перепутать;0.276
дешевенький;0.276
очевидно;0.276
многообразие;0.276
гарантийный;0.276
посему;0.275
ниче;0.275
радостно;0.275
скучать;0.275
постоянно;0.275
эталон;0.275
системный;0.275
взахлеб;0.275
фишка;0.275
вникать;0.275
краска;0.275
внутренне;0.275
успешный;0.275
возникать;0.275
поверить;0.274
несовместимый;0.274
просмотр;0.274
защитный;0.274
положенный;0.274
однократный;0.274
подсказать;0.274
блистательный;0.274
безошибочно;0.274
выпускать;0.274
свободный;0.274
вобщий-то;0.274
давненько;0.274
упомянуть;0.274
муторно;0.274
ищущий;0.274
жестоко;0.274
ширпотреб;0.274
записной;0.274
втыкать;0.274
неразумный;0.273
крошечный;0.273
неконтролируемый;0.273
металический;0.273
запутаться;0.273
решающий;0.273
проблемный;0.273
злой;0.273
непонимание;0.273
поднимать;0.273
выскальзывать;0.273
внутренний;0.273
подлинный;0.272
одаренный;0.272
звонкий;0.272
внезапный;0.272
поглубже;0.272
куда-то;0.272
различный;0.272
передача;0.272
непреодолимый;0.272
проклятый;0.272
терпеливый;0.272
гланый;0.272
нераскрытый;0.272
отталкивающий;0.272
поражаться;0.272
лично;0.272
порекомендовать;0.271
фиолетовый;0.271
наверно;0.271
особенно;0.271
ноль;0.271
скукота;0.271
теле;0.271
особенность;0.271
больше;0.270
графический;0.270
перепрошить;0.270
обеспеченный;0.270
останавливать;0.270
щелкать;0.270
чудо;0.270
каждодневный;0.270
запал;0.270
вызывать;0.270
завидный;0.270
прорыв;0.270
держаться;0.270
придавать;0.270
ироничный;0.270
требоваться;0.270
четкость;0.270
клишированный;0.270
веселенький;0.270
инфантильный;0.269
живописный;0.269
поцарапаться;0.269
образный;0.269
малолетний;0.269
фоткий;0.269
мкий;0.269
бессмыслица;0.269
сдержанный;0.269
дружественный;0.269
треснуть;0.269
ненапряжной;0.269
перезагружать;0.269
браться;0.269
тронуть;0.269
молчать;0.268
прямо;0.268
дергать;0.268
нестрашно;0.268
официальный;0.268
безоговорочно;0.268
неумолимый;0.268
лечь;0.268
перечеркивать;0.268
малопонятный;0.268
неотделимый;0.268
экстремальный;0.268
итого;0.268
высосанный;0.268
просмотреть;0.268
физически;0.268
голосовой;0.268
вспоминаться;0.267
загружать;0.267
мелковатый;0.267
отклеиться;0.267
испорченный;0.267
девичий;0.267
обворожительный;0.267
портретный;0.267
раздутый;0.267
путать;0.267
грузиться;0.267
серийный;0.267
поравить;0.267
филосовский;0.267
напросто;0.267
бесхитростный;0.267
пьяный;0.266
бессознательный;0.266
позволять;0.266
креативный;0.266
многократный;0.266
убиваемый;0.266
желаемый;0.266
отдаленно;0.266
чрезвычайно;0.266
надуманно;0.266
трудновато;0.266
болезненный;0.266
депрессивно;0.266
нестабильный;0.266
прожорливый;0.266
небо;0.266
исчезать;0.266
задний;0.266
скопировать;0.265
шуметь;0.265
болтаться;0.265
отдаленный;0.265
писклявый;0.265
дружить;0.265
тотальный;0.265
удаваться;0.265
дурак;0.265
простить;0.265
погонять;0.265
перегружать;0.264
оттого;0.264
срочно;0.264
прослезиться;0.264
понять;0.264
деловой;0.264
недосягаемый;0.264
приближать;0.264
обрадовать;0.264
неразрешимый;0.264
шершавый;0.264
параноидальный;0.263
современный;0.263
операторский;0.263
лажовый;0.263
положительно;0.263
затасканный;0.263
удовлетворительный;0.263
решаться;0.263
неосторожный;0.263
безответственный;0.263
черно;0.263
заходить;0.263
безвольный;0.263
многофункциональный;0.263
подойти;0.263
хэппи-энд;0.263
маркетинговый;0.263
нетрудно;0.263
сверхъестественный;0.263
разбираться;0.262
наигранно;0.262
сильнейший;0.262
пугаться;0.262
неприятность;0.262
ниочий;0.262
безыскусный;0.262
неправда;0.262
уронить;0.262
староватый;0.262
запомнить;0.262
изрядный;0.262
пихать;0.262
чернушный;0.262
сухой;0.262
законченный;0.261
обиженный;0.261
соседний;0.261
голимый;0.261
погружать;0.261
вернуть;0.261
запросто;0.261
котрый;0.261
психологически;0.261
коммерческий;0.261
невыразимый;0.260
документальный;0.260
сбоку;0.260
выходной;0.260
необитаемый;0.260
стоить;0.260
переодически;0.260
менять;0.260
взглянуть;0.260
герметичный;0.260
нестыковка;0.260
вырезать;0.259
перемещаться;0.259
кинематографичный;0.259
позиционировать;0.259
выручать;0.259
гадкий;0.259
перебирать;0.259
размазывать;0.259
сумбурно;0.259
поворот;0.259
сторонка;0.259
обойтись;0.259
личный;0.259
видать;0.259
несравнимый;0.259
убитый;0.259
немочь;0.259
благодатный;0.259
больной;0.259
одинокий;0.258
переплачивать;0.258
русски;0.258
слезливый;0.258
чтожа;0.258
нудновато;0.258
плыть;0.258
остро;0.258
огрех;0.258
лирический;0.258
полазить;0.258
зачастую;0.258
лежать;0.258
отсутсвие;0.258
сладкий;0.258
просветленный;0.258
шпионский;0.258
прокатить;0.258
сменный;0.258
мистика;0.258
туфта;0.258
бальный;0.258
собранный;0.257
вдохновлять;0.257
вызвать;0.257
нескучный;0.257
бросить;0.257
верхний;0.257
дата;0.257
вынимать;0.256
гадко;0.256
по-добрый;0.256
чертов;0.256
нынешний;0.256
этак;0.256
безответный;0.256
сокровенный;0.256
непрофессиональный;0.256
приходиться;0.256
занятый;0.255
канонический;0.255
обладать;0.255
непобедимый;0.255
трезвый;0.255
возникнуть;0.255
встретить;0.255
исправимый;0.255
авторский;0.255
поддерживать;0.255
шокировать;0.254
запихнуть;0.254
нежность;0.254
мыслящий;0.254
вперемешку;0.254
бомба;0.254
утопический;0.254
хитроумный;0.254
крутиться;0.254
показанный;0.254
перелистывать;0.254
действительно;0.254
нарисованный;0.254
дороговатый;0.254
подобрать;0.254
затертый;0.254
бородатый;0.254
сравнивать;0.253
вписывать;0.253
славно;0.253
небесный;0.253
метко;0.253
тяжко;0.253
подташнивать;0.253
инструкция;0.253
давний;0.253
информация;0.253
неточный;0.253
смазаной;0.253
чудно;0.253
мобильник;0.253
подростковый;0.253
ярчайший;0.253
давящий;0.253
безвыходный;0.252
самобытный;0.252
долгий;0.252
талантливый;0.252
походить;0.252
мелькать;0.252
реализм;0.252
неизбитый;0.252
бить;0.252
ходячий;0.252
панорамный;0.251
гаснуть;0.251
полный;0.251
штучка;0.251
сожалеть;0.251
отнять;0.251
перерослый;0.251
подсознательный;0.251
рано;0.251
электронный;0.251
малоинтересный;0.251
заслуженный;0.251
сущий;0.251
упорно;0.251
несказанно;0.251
несуразность;0.251
открываться;0.251
тухлый;0.251
неумный;0.251
проигрывать;0.251
незаконченность;0.251
вообще-то;0.251
глубокомысленный;0.250
организованный;0.250
непродолжительный;0.250
бытовой;0.250
упустить;0.250
мутно;0.250
беспроигрышный;0.250
муторный;0.250
мифологический;0.250
передающий;0.250
мультик;0.250
обычно;0.250
натужный;0.250
интересовать;0.250
надежно;0.250
психоделичный;0.249
глуповатый;0.249
сочувствовать;0.249
посидеть;0.249
передумать;0.249
уловить;0.249
переступить;0.249
неуловимый;0.249
сохраняться;0.249
глядеть;0.249
исписаться;0.249
перспективный;0.249
мегапиксельный;0.249
доходить;0.249
комичный;0.249
найтись;0.249
растягивать;0.248
обратный;0.248
зачетный;0.248
поймать;0.248
наилучший;0.248
телесный;0.248
выключиться;0.247
водонепроницаемый;0.247
сериальный;0.247
долговечный;0.247
виртуозно;0.247
смарт;0.247
тоска;0.247
самсунговский;0.247
помощнее;0.247
сплошь;0.247
буквально;0.247
экономить;0.247
русский;0.247
бесчувственный;0.247
дивный;0.246
жутковато;0.246
порадоваться;0.246
понятие;0.246
папка;0.246
покупать;0.246
сопоставимый;0.246
повлиять;0.246
автономный;0.246
разряд;0.246
сливаться;0.246
профи;0.246
горячий;0.245
тщательный;0.245
глубочайший;0.245
включиться;0.245
кое-где;0.245
присоединять;0.245
перерастать;0.245
постепенно;0.245
неприличие;0.245
непременный;0.245
целомудренный;0.245
берет;0.245
убегать;0.245
програмный;0.245
перепетие;0.245
ничтожный;0.245
безыдейный;0.245
хохотать;0.244
добить;0.244
делаться;0.244
веселить;0.244
пробрать;0.244
верить;0.244
былой;0.244
лесбийский;0.244
трястись;0.244
ставить;0.244
согласиться;0.244
меняться;0.244
вырасти;0.244
суперские;0.244
загадочный;0.244
испытывать;0.244
многоплановый;0.244
выкидывать;0.244
осознанно;0.244
традиционный;0.244
норовить;0.244
ответственный;0.244
полениться;0.244
атмосферность;0.244
подсказка;0.243
сухо;0.243
будущий;0.243
намеренно;0.243
выверенный;0.243
опять-таки;0.243
возвышенный;0.243
беспрестанный;0.243
темноватый;0.243
выносливый;0.243
пахать;0.243
грусть;0.243
ожидание;0.243
отметать;0.243
дальнейший;0.243
неисправимый;0.243
автобиографический;0.243
сыро;0.243
символический;0.243
оторванный;0.243
ярый;0.243
функционать;0.243
нажатие;0.242
рефлексирующий;0.242
царапаться;0.242
видеть;0.242
посоветовать;0.242
засвечивать;0.242
оригинальность;0.242
механический;0.242
рассчитывать;0.242
дающий;0.242
пассивный;0.242
грязь;0.242
иначе;0.242
выкл;0.242
переварить;0.242
испортиться;0.242
скверный;0.242
сесть;0.242
умещаться;0.242
неуемный;0.242
легкость;0.241
помещаться;0.241
мастерски;0.241
иронично;0.241
переключиться;0.241
мертвый;0.241
помереть;0.241
молоденький;0.241
издевательство;0.241
шнурок;0.241
извечный;0.241
немножечко;0.241
перебрать;0.241
трэш;0.241
незащищенный;0.241
цинично;0.241
меркнуть;0.241
фантастика;0.241
тормознуть;0.241
заявленный;0.241
импонировать;0.240
однообразие;0.240
головной;0.240
легкомысленный;0.240
дома;0.240
увидеть;0.240
отвращение;0.240
дойти;0.239
неродной;0.239
пересказ;0.239
энергоемкий;0.239
пользовательский;0.239
оооочень;0.239
неимение;0.239
несчастливый;0.239
затейливый;0.239
повторно;0.239
сворачивать;0.239
серъезный;0.239
параллельный;0.239
непоколебимый;0.239
псевдофилософский;0.238
немотивированный;0.238
пошлятина;0.238
уснуть;0.238
инопланетный;0.238
заряд;0.238
углубляться;0.238
выключать;0.238
нете;0.238
черствый;0.238
улыбка;0.238
царапина;0.237
раскрываться;0.237
имиджевый;0.237
штатный;0.237
исправить;0.237
поцарапать;0.237
лицензионный;0.237
естественно;0.237
копейка;0.237
программно;0.237
показывать;0.237
страдать;0.237
характеристика;0.237
вручную;0.237
впечатленный;0.237
девчачий;0.237
русскоязычный;0.237
магический;0.237
напрягающий;0.237
описание;0.237
колоссальный;0.236
фотография;0.236
урывками;0.236
плагиат;0.236
светящийся;0.236
доходчивый;0.236
модов;0.236
исправно;0.236
подверженный;0.236
поржать;0.236
ассоциировать;0.236
разжеванный;0.236
отключать;0.236
пасмурный;0.236
улыбнуться;0.236
достаточно;0.236
глупость;0.236
топовый;0.236
обалдеть;0.236
заскучать;0.235
донельзя;0.235
заменять;0.235
жизнерадостный;0.235
наслаждение;0.235
наоборот;0.235
биться;0.235
сразу;0.235
исчерпывающий;0.235
саундтрек;0.235
обрадоваться;0.235
хлам;0.235
пачкаться;0.235
шутить;0.235
детальный;0.235
недостающий;0.235
натяжка;0.235
ложиться;0.235
горько;0.235
нелепость;0.235
накрученный;0.235
банальнейший;0.235
типо;0.235
горизонтальный;0.234
позже;0.234
потратить;0.234
ударопрочный;0.234
объяснимый;0.234
гоняться;0.234
сдавать;0.234
обоснованный;0.234
знаменитый;0.234
частично;0.234
кардинальный;0.234
чудовищно;0.234
драматический;0.234
расстраивать;0.234
периодический;0.234
доделанный;0.234
торчать;0.234
переплести;0.234
безмозглый;0.234
недосказанность;0.233
ключевой;0.233
отображать;0.233
безнравственный;0.233
кричащий;0.233
истинно;0.233
поменьше;0.233
судить;0.233
серия;0.233
заботливый;0.233
неотъемлемый;0.233
посмеяться;0.233
безрадостный;0.233
именитый;0.233
изобретательный;0.233
сперва;0.233
деньги;0.232
вязаться;0.232
жанр;0.232
автофокус;0.232
улавливать;0.232
филигранный;0.232
вдумываться;0.232
путанный;0.232
ахинея;0.232
смутить;0.232
бойкий;0.232
маловатый;0.232
освещенный;0.232
удалять;0.232
вдруг;0.232
исчезнуть;0.232
стабильно;0.232
анти;0.231
ноша;0.231
зайти;0.231
разучиться;0.231
заводской;0.231
бесстрастный;0.231
поискать;0.231
зубодробительный;0.231
нереальность;0.231
душераздирающий;0.231
врядли;0.231
отвлечься;0.231
наглядный;0.231
масштабный;0.231
лукавый;0.231
нестареющий;0.231
рвотный;0.231
пробирать;0.231
лихо;0.231
смутный;0.231
машинка;0.231
потомучто;0.231
невольный;0.231
чайник;0.230
психологичный;0.230
дрожать;0.230
профессионал;0.230
псевдоисторический;0.230
прорисовка;0.230
уместно;0.230
американский;0.230
буквальный;0.230
присмотреться;0.230
следовать;0.230
антиутопия;0.230
скомканный;0.230
откидной;0.230
невредимый;0.230
провинциальный;0.230
отдохнуть;0.230
наклеить;0.230
заодно;0.230
слизанный;0.230
перенос;0.230
стилусый;0.230
светить;0.230
настраиваемый;0.230
неизбывный;0.230
вообще;0.230
неизведанный;0.229
заворожить;0.229
прочно;0.229
перемотать;0.229
штука;0.229
сюрреалистический;0.229
писаться;0.229
динамика;0.229
мечтать;0.229
суховато;0.229
отличительный;0.229
почем;0.229
донести;0.229
исключать;0.229
использование;0.229
завязка;0.229
матерный;0.229
привередливый;0.229
устроенный;0.229
неочевидный;0.229
исходный;0.228
низкокачественный;0.228
переноситься;0.228
старичок;0.228
удивлять;0.228
чувство;0.228
рассматривать;0.228
многосерийный;0.228
кристальный;0.228
следующий;0.228
мыльница;0.228
повторный;0.228
придумывать;0.228
скоротать;0.228
броский;0.228
безжизненный;0.228
нежелание;0.228
входить;0.228
любовный;0.228
потусторонний;0.228
пронять;0.227
бессюжетный;0.227
страстной;0.227
напрячь;0.227
шампанский;0.227
вчера;0.227
двойной;0.227
пробывать;0.227
драгоценный;0.227
бесстрашный;0.227
грешить;0.226
переспать;0.226
нарекание;0.226
чесно;0.226
переломный;0.226
сотовый;0.226
клавиша;0.226
антураж;0.226
оценить;0.226
мылить;0.226
жвачка;0.226
гораздо;0.226
маловероятный;0.226
необоснованный;0.226
крайне;0.226
уютно;0.226
подсесть;0.226
открывать;0.226
насыщенность;0.226
призванный;0.226
заводский;0.226
созвучный;0.225
нищий;0.225
переиграть;0.225
самоуверенный;0.225
вульгарный;0.225
повторять;0.225
переполненный;0.225
висеть;0.225
снова;0.225
бескрайний;0.225
ацтой;0.225
никак;0.225
напоследок;0.225
гордо;0.225
вырубаться;0.225
имеющий;0.225
ломать;0.225
позитив;0.225
переосмыслить;0.225
стареть;0.225
отрабатывать;0.225
затруднительно;0.225
описывать;0.225
зрение;0.224
вставленный;0.224
поднять;0.224
зарядный;0.224
нервировать;0.224
оптический;0.224
лестный;0.224
проникаться;0.224
всеять;0.224
несостыковка;0.224
метафоричный;0.224
включить;0.224
нарочито;0.224
рульный;0.224
вышеупомянутый;0.224
ракурс;0.224
эмоция;0.224
безрассудный;0.224
отвлекать;0.224
искажение;0.224
снять;0.223
недоразумение;0.223
знать;0.223
представлять;0.223
вечерком;0.223
грузить;0.223
бесчеловечный;0.223
услышать;0.223
счастье;0.223
сюжетец;0.223
притягивать;0.223
смочь;0.223
непосредственность;0.223
циничный;0.223
зрелый;0.223
добавлять;0.223
заглючить;0.223
звук;0.223
прыгать;0.223
перерождение;0.222
натуралистичный;0.222
проги;0.222
совершенство;0.222
вялотекущий;0.222
почувствовать;0.222
скрип;0.222
чуствительный;0.222
бликовать;0.222
ординарный;0.222
потаенный;0.222
стоп;0.222
втянуться;0.222
банальщин;0.222
сенсорный;0.222
сложиться;0.222
приходить;0.222
переплатить;0.222
претендовать;0.222
совковый;0.221
сходить;0.221
белый;0.221
изображение;0.221
нулевой;0.221
придуманный;0.221
потихоньку;0.221
желей;0.221
своевременный;0.221
вселенский;0.221
изменять;0.221
духом;0.221
утрированный;0.221
эффект;0.221
лицемерный;0.221
абстрактный;0.221
ноготь;0.221
мизерный;0.220
собирательный;0.220
понимающий;0.220
животрепещущий;0.220
потуга;0.220
словарь;0.220
пылиться;0.220
интересоваться;0.220
пожилой;0.220
болтовня;0.220
кнопочный;0.220
получать;0.220
ужастик;0.220
гамма;0.220
вянуть;0.220
позволить;0.220
меткий;0.220
претензия;0.220
неуважение;0.220
витиеватый;0.220
сниматься;0.220
бессильный;0.220
случать;0.220
вышеперечисленный;0.219
продажа;0.219
необязательный;0.219
помягче;0.219
убрать;0.219
устройство;0.219
чрезмерно;0.219
отнюдь;0.219
интерфейс;0.219
единственный;0.219
печатный;0.219
подводный;0.219
похабный;0.219
случиться;0.219
мелко;0.219
экзистенциальный;0.219
мощнейший;0.219
заключительный;0.219
постперестроечный;0.219
перерыть;0.219
притянутый;0.219
нажать;0.219
моральный;0.218
деликатный;0.218
созданный;0.218
титр;0.218
выдвижной;0.218
автомобильный;0.218
страшновато;0.218
захотеть;0.218
пластиковый;0.218
озорной;0.218
шлак;0.218
порочный;0.218
непутевый;0.218
широкоформатный;0.218
автоматически;0.218
ежедневно;0.218
подручный;0.218
несуществующий;0.218
спешить;0.218
установка;0.218
багов;0.218
пародийный;0.217
едкий;0.217
дотошный;0.217
отвлекаться;0.217
следущий;0.217
старательный;0.217
повтор;0.217
подмеченный;0.217
сочетание;0.217
всеже;0.217
доработанный;0.217
плюшевый;0.217
вкупе;0.217
наивысший;0.217
аааа;0.217
смириться;0.217
молодежный;0.217
подвисать;0.217
неприятие;0.217
подлежать;0.217
английский;0.216
востребованный;0.216
всерьез;0.216
торопиться;0.216
доводить;0.216
напрасный;0.216
отчаянный;0.216
напряг;0.216
бррр;0.216
делать;0.216
удручать;0.216
пейзажный;0.216
переполнять;0.216
ранять;0.216
созерцательный;0.216
материал;0.216
годами;0.216
запущенный;0.216
специально;0.216
отказать;0.216
расчитанный;0.216
научный;0.216
дядька;0.215
нуждаться;0.215
умудриться;0.215
завязанный;0.215
недаром;0.215
переоцененный;0.215
негромкий;0.215
напоминание;0.215
деревенский;0.215
воспользоваться;0.215
земной;0.215
юмор;0.215
формальный;0.215
сидеть;0.215
разовый;0.215
пойти;0.215
неоднозначность;0.215
облазить;0.215
вынуть;0.215
парить;0.215
перевоплощение;0.214
реветь;0.214
совкий;0.214
непонятый;0.214
затянутость;0.214
тягучий;0.214
чехол;0.214
недобрый;0.214
доброта;0.214
ослепительный;0.214
отказывать;0.214
съемный;0.214
бесполезность;0.214
вопиющий;0.214
вытаскивать;0.214
отвалиться;0.214
напоминать;0.214
издавать;0.214
псевдонаучный;0.214
экранный;0.214
пластика;0.214
какой-никакой;0.214
пугающий;0.213
кожаный;0.213
наполненный;0.213
относительно;0.213
причудливый;0.213
сценарист;0.213
сервисный;0.213
переработанный;0.213
первоначальный;0.213
недопустимый;0.213
когда;0.213
дергаться;0.213
выигрывать;0.213
кровожадный;0.213
первобытный;0.213
снимок;0.213
покидать;0.213
бегом;0.213
действующий;0.213
слетать;0.213
несостоявшийся;0.213
чужой;0.213
по-женски;0.213
потерять;0.213
облегчать;0.213
побыстрее;0.213
неспешность;0.213
путаться;0.212
царапинка;0.212
наснимать;0.212
ужаснуться;0.212
агрессивный;0.212
замечательнейший;0.212
поплакать;0.212
неотрывать;0.212
ненадо;0.212
сценарный;0.212
пересекаться;0.212
оставить;0.212
изощренный;0.212
житейский;0.212
по-американски;0.212
надрыв;0.212
содержательный;0.212
намудрить;0.212
водиться;0.212
восхитить;0.212
вплоть;0.212
прошлый;0.212
доиграть;0.212
разбить;0.212
вкладывать;0.211
восхищение;0.211
копировать;0.211
разрешение;0.211
давным;0.211
объектив;0.211
заедать;0.211
абсурдно;0.211
дизайнерский;0.211
интелектуальный;0.211
гонять;0.211
сажать;0.211
иногда;0.211
видеоролик;0.211
замкнутый;0.211
походный;0.211
порядочный;0.211
разносторонний;0.211
возможность;0.211
локальный;0.211
ежедневный;0.210
лихой;0.210
воткнуть;0.210
по-крайний;0.210
дура;0.210
позитивно;0.210
часовой;0.210
широко;0.210
аннотация;0.210
общечеловеческий;0.210
неоднократный;0.210
неравномерный;0.210
неотвратимый;0.210
типаж;0.210
подобный;0.210
снаружи;0.210
выбросить;0.210
фентезийный;0.210
приблизительно;0.210
принести;0.210
дешевле;0.209
улучшать;0.209
помеха;0.209
кричать;0.209
отметить;0.209
обойти;0.209
авантюрный;0.209
наворачивать;0.209
разряжать;0.209
монументальный;0.209
напихать;0.209
переплетать;0.209
скатывать;0.209
традиционно;0.209
забивать;0.209
вряд;0.209
достоинство;0.209
сполна;0.209
стерео;0.209
разваливать;0.209
повернуть;0.209
вжиться;0.209
навязывать;0.209
нелепица;0.209
передвижение;0.209
меняла;0.209
эксцентричный;0.209
снятый;0.209
эгоистичный;0.209
вспомнить;0.209
соображать;0.208
выявить;0.208
соседский;0.208
главгерой;0.208
внешний;0.208
феноменальный;0.208
приложить;0.208
непонятка;0.208
восторгаться;0.208
уйти;0.208
стандарт;0.208
справедливый;0.208
производить;0.208
пожелать;0.208
нелюбовь;0.208
провисать;0.208
иррациональный;0.207
отражаться;0.207
вероятный;0.207
конечный;0.207
переживание;0.207
показательный;0.207
тоесть;0.207
пускать;0.207
офигенно;0.207
прохожий;0.207
понимать;0.207
скучающий;0.207
беспринципный;0.207
мокрый;0.207
совместимый;0.207
приспособиться;0.207
рваный;0.207
относить;0.207
прохладный;0.207
избежать;0.207
путевой;0.207
шнур;0.207
поэтичный;0.207
жаркий;0.206
рядом;0.206
тончайший;0.206
пропустить;0.206
вспомниться;0.206
достоверный;0.206
войти;0.206
сетевой;0.206
взбесить;0.206
слюни;0.206
ощутить;0.206
сохранять;0.206
режим;0.206
нарочитый;0.206
звонить;0.206
главный;0.206
увлеченный;0.206
мыло;0.206
железный;0.206
учитывать;0.206
бессмысленность;0.206
свобода;0.206
открыть;0.206
родственный;0.206
трепетный;0.206
исключение;0.206
социальный;0.206
глюкнуть;0.205
обещанный;0.205
непроизвольный;0.205
гладкий;0.205
слышимый;0.205
клюнуть;0.205
английски;0.205
фактически;0.205
отрубать;0.205
постмодернистский;0.205
размышлять;0.205
нагружать;0.205
пафосно;0.205
зевать;0.205
неувязка;0.205
осознанный;0.205
кровный;0.205
отображаться;0.205
функция;0.205
переосмысление;0.205
глубина;0.205
достаться;0.205
адский;0.205
униженный;0.205
выцветать;0.205
утопить;0.204
семейный;0.204
читавший;0.204
админ;0.204
завтра;0.204
хавать;0.204
спасти;0.204
очень;0.204
убивание;0.204
упоминать;0.204
бесследно;0.204
настройка;0.204
лайн;0.204
голубой;0.204
платить;0.204
устаревать;0.204
аляповатый;0.204
ближайший;0.204
литературный;0.204
справляться;0.204
сбиваться;0.204
подарить;0.204
морализаторский;0.204
рука;0.204
чарующий;0.204
пространный;0.203
беззвучно;0.203
заляпывать;0.203
привлекать;0.203
вслух;0.203
мина;0.203
недостоверный;0.203
мечта;0.203
компактный;0.203
несъемный;0.203
заплакать;0.203
воистину;0.203
прописанный;0.203
наскучить;0.203
знание;0.203
подальше;0.203
материнский;0.203
набрать;0.203
стрелялка;0.203
акумулятор;0.203
весьма;0.203
переписать;0.203
старинный;0.203
глаз;0.203
ничего;0.203
трясти;0.203
динамический;0.203
словесный;0.203
насиловать;0.202
заранее;0.202
батальный;0.202
подтормаживать;0.202
аналог;0.202
самоирония;0.202
предварительный;0.202
желающий;0.202
расширять;0.202
мучение;0.202
бездонный;0.202
проф;0.202
оставляющий;0.202
мелодраматический;0.202
сатира;0.202
ненайти;0.202
восхищаться;0.202
разрядка;0.202
ближний;0.202
пластилиновый;0.202
пищать;0.202
перестрелка;0.202
спать;0.202
первоклассный;0.202
впихнуть;0.201
послевкусие;0.201
насмотреться;0.201
неустроенный;0.201
падать;0.201
престижный;0.201
обмануть;0.201
иронический;0.201
блокбастер;0.201
низменный;0.201
изменить;0.201
экранизировать;0.201
высокопарный;0.201
доскональный;0.201
сэкономить;0.201
нечетко;0.201
впервые;0.201
безвыходность;0.201
рассчитанный;0.201
выворачивать;0.201
интриговать;0.201
посерьезнее;0.201
променять;0.201
прощать;0.200
клавиатура;0.200
немедленно;0.200
позор;0.200
давным-давно;0.200
прилагать;0.200
горе;0.200
квинтэссенция;0.200
безнадега;0.200
намек;0.200
рецензия;0.200
загляденье;0.199
перекидывать;0.199
назойливый;0.199
ранимый;0.199
ханжа;0.199
сатирический;0.199
топорно;0.199
терпеть;0.199
фокусный;0.199
аккум;0.199
совпадать;0.199
объем;0.199
дизаин;0.199
задел;0.199
сметь;0.199
нервничать;0.199
ездить;0.199
покупка;0.199
пропитанный;0.199
подождать;0.198
вываливать;0.198
предсказуемость;0.198
реалистичность;0.198
вставка;0.198
заблудиться;0.198
гламур;0.198
малозаметный;0.198
кушать;0.198
мега;0.198
превращаться;0.198
вдвоем;0.198
залипать;0.198
неприкаянный;0.198
промахиваться;0.198
ненапряжно;0.198
задница;0.198
похотливый;0.198
навевать;0.198
скорость;0.198
кровища;0.198
неудачник;0.198
рекламировать;0.198
немец;0.197
заработать;0.197
восклицательный;0.197
зарядить;0.197
удовлетворить;0.197
комент;0.197
родимый;0.197
истеричный;0.197
выделять;0.197
секундный;0.197
волновать;0.197
вставать;0.197
кирпич;0.197
кобыла;0.197
учить;0.197
негарантийный;0.197
поздний;0.197
автобиографичный;0.197
галимый;0.197
промолчать;0.197
эстетично;0.197
снисходительный;0.197
поподробнее;0.196
гибкий;0.196
поспорить;0.196
выпадать;0.196
нечестно;0.196
маниакальный;0.196
расплакаться;0.196
физиологический;0.196
развернутый;0.196
сетка;0.196
фактический;0.196
наркоманский;0.196
последовательный;0.196
упасть;0.196
кол-во;0.196
воспроизводить;0.196
кусок;0.196
революционный;0.196
информационный;0.196
библейский;0.196
вкратце;0.196
развалиться;0.196
портиться;0.196
пустышка;0.196
слащавость;0.195
стоять;0.195
высота;0.195
смех;0.195
брезгливый;0.195
вникнуть;0.195
учиться;0.195
досадно;0.195
сонький;0.195
дышать;0.195
нисколько;0.195
неистовый;0.195
опять;0.195
тухнуть;0.195
сколько;0.195
нравственный;0.195
ненапряжный;0.195
токо;0.195
заснуть;0.195
зарядник;0.195
несчетный;0.195
напряженно;0.195
фатальный;0.195
звучащий;0.195
негативно;0.195
красавец;0.195
пробегать;0.194
предустановленный;0.194
наполовину;0.194
стопроцентный;0.194
устроить;0.194
впечатляющий;0.194
мочить;0.194
психоделический;0.194
догадываться;0.194
ненасытный;0.194
логика;0.194
небезынтересный;0.194
психологический;0.194
непомерный;0.194
влезать;0.194
вымышленный;0.194
металл;0.194
полочка;0.194
неинтуитивный;0.194
гонкий;0.194
привязанный;0.194
примитив;0.194
героический;0.194
деталь;0.194
растрогать;0.194
прятаться;0.194
беспечный;0.194
файловый;0.193
узнать;0.193
позавидовать;0.193
уличный;0.193
реклама;0.193
виденный;0.193
несжатый;0.193
халява;0.193
отсталый;0.193
простодушный;0.193
галочка;0.193
наводить;0.193
стилистический;0.193
видеокамера;0.193
плевать;0.193
пиратский;0.193
изучить;0.193
улыбчивый;0.193
придти;0.193
гомосексуальный;0.193
избавиться;0.193
относительный;0.193
личностный;0.193
перемена;0.193
снотворный;0.193
подержать;0.193
накрыться;0.193
люфт;0.192
срубить;0.192
капли;0.192
вдохновенный;0.192
следить;0.192
второсортный;0.192
смачно;0.192
сбросить;0.192
поснимать;0.192
шататься;0.192
уходить;0.192
двигаться;0.192
телек;0.192
подряд;0.192
пронизанный;0.192
пересказать;0.192
больший;0.192
понести;0.192
жизнеутверждающе;0.192
стесняться;0.192
сердито;0.192
чего;0.192
чайный;0.192
нехарактерный;0.192
задавать;0.192
выскакивать;0.192
переснять;0.192
обходиться;0.192
захватить;0.192
концовка;0.192
пыль;0.191
сжатый;0.191
тихий;0.191
проходить;0.191
заглянуть;0.191
экономный;0.191
книжка;0.191
сбрасывать;0.191
выдать;0.191
вредно;0.191
хлюпкий;0.191
суперская;0.191
патриотичный;0.191
выбирать;0.191
вредный;0.191
фонтан;0.191
вводной;0.191
выдержка;0.191
глянец;0.190
викторианский;0.190
вдвойне;0.190
рвать;0.190
покопаться;0.190
несовершенство;0.190
величественный;0.190
максимальный;0.190
мясной;0.190
рафинированный;0.190
отталкивать;0.190
громадный;0.190
платный;0.190
подпортить;0.190
рассудительный;0.190
перевернуться;0.190
интерестно;0.190
плавать;0.190
безумство;0.190
позволяющий;0.190
отнести;0.190
выискивать;0.190
по-разному;0.190
кошмарно;0.190
фантастичный;0.190
гомерический;0.190
постарше;0.190
завершенный;0.190
ругаться;0.190
чтиво;0.190
практично;0.190
внутрь;0.189
помниться;0.189
застывший;0.189
проч;0.189
просыпать;0.189
обильно;0.189
кабель;0.189
удерживать;0.189
значить;0.189
вертикальный;0.189
поиграться;0.189
сказываться;0.189
искать;0.189
общепринятый;0.189
заслуженно;0.189
хрестоматийный;0.189
бабка;0.189
расчетливый;0.189
скрупулезный;0.189
хромой;0.189
немытый;0.189
раскрывать;0.189
противоестественный;0.189
расстояние;0.189
алюминиевый;0.189
вместе;0.188
решаемый;0.188
мысленно;0.188
происходить;0.188
безглючный;0.188
разноплановый;0.188
недопустимо;0.188
операционный;0.188
беззаветный;0.188
запасной;0.188
стареющий;0.188
бяка;0.188
светосила;0.188
составлять;0.188
ролик;0.188
калька;0.188
энергичный;0.188
умереть;0.188
съемка;0.188
как-никак;0.187
избыточный;0.187
компьютер;0.187
промахнуться;0.187
безнадежность;0.187
непредсказуемость;0.187
неровно;0.187
ожидаемый;0.187
пушистый;0.187
отлиный;0.187
сознательный;0.187
холодно;0.187
мерзость;0.187
ехидный;0.187
красноречивый;0.187
думаться;0.187
узнавать;0.187
номер;0.187
спасибо;0.187
здешний;0.187
суждено;0.187
немногочисленный;0.187
непривычка;0.187
небезызвестный;0.187
индикация;0.187
страшненький;0.186
персональный;0.186
клон;0.186
вписаться;0.186
попасть;0.186
давать;0.186
мимоходом;0.186
разумно;0.186
малошумный;0.186
искусно;0.186
лениться;0.186
непристойный;0.186
советский;0.186
переделка;0.186
добивать;0.186
целик;0.186
надпись;0.186
небывалый;0.186
киберпанк;0.186
угнетать;0.186
оригинал;0.186
технически;0.186
прежний;0.186
закрывать;0.185
разбитый;0.185
сотворить;0.185
мегапиксель;0.185
гигов;0.185
дословно;0.185
грешный;0.185
вспоминать;0.185
показатель;0.185
неудовлетворительный;0.185
тупизм;0.185
перегиб;0.185
хорошенько;0.185
недооцененный;0.185
многозадачный;0.185
сопереживание;0.185
убежденный;0.185
кстати;0.185
сочетать;0.185
предупреждать;0.185
навигационный;0.185
ловко;0.185
здоровенный;0.185
открыться;0.185
биографический;0.185
недоумевать;0.184
оценивать;0.184
гениальнейший;0.184
тоже;0.184
настроенный;0.184
задеть;0.184
ремешок;0.184
крылатый;0.184
проверить;0.184
невиновный;0.184
биологический;0.184
слезать;0.184
чутко;0.184
выпустить;0.184
грандиозный;0.184
зума;0.184
трата;0.184
скептически;0.184
мирный;0.184
конкуренция;0.184
замученный;0.184
безразлично;0.184
отключиться;0.184
произвести;0.184
речевой;0.184
дибильный;0.183
восприятие;0.183
европейский;0.183
попса;0.183
временной;0.183
плюнуть;0.183
подозрительный;0.183
пленочный;0.183
безразличие;0.183
заглядывать;0.183
девайс;0.183
прожить;0.183
вернуться;0.183
картинный;0.183
испоганить;0.183
программа;0.183
учесть;0.183
анимированный;0.183
отличить;0.183
завышенный;0.182
жутчайший;0.182
разом;0.182
послушный;0.182
отклеиваться;0.182
экономичный;0.182
приложение;0.182
античный;0.182
несовершеннолетний;0.182
перегибать;0.182
чинить;0.182
тушка;0.182
наверное;0.182
пересилить;0.182
начитанный;0.182
убавить;0.182
вешь;0.182
фотоаппарат;0.182
почаще;0.182
вниз;0.182
злодейский;0.182
выявленный;0.182
поработать;0.182
наверняка;0.182
бросать;0.182
дважды;0.182
цепляться;0.182
вырубиться;0.182
песня;0.182
категоричный;0.182
дорогущий;0.182
программный;0.182
переть;0.181
затираться;0.181
комплектация;0.181
превосходящий;0.181
слепнуть;0.181
образчик;0.181
новаторский;0.181
пустынный;0.181
мгновенный;0.181
эталонный;0.181
чернокожий;0.181
обывательский;0.181
текст;0.181
сродни;0.181
заказной;0.181
световой;0.181
аппаратик;0.181
губить;0.181
замирать;0.181
сдать;0.181
перечесть;0.181
искренность;0.181
слеза;0.181
волнующий;0.181
решенный;0.181
нечисть;0.181
плохонький;0.180
маргинальный;0.180
достаток;0.180
проницательный;0.180
заплатить;0.180
незримый;0.180
побочный;0.180
задолбать;0.180
богатенький;0.180
играться;0.180
создаться;0.180
полезть;0.180
очарованный;0.180
несусветной;0.180
саркастический;0.180
аудио;0.180
различимый;0.180
моделек;0.180
комический;0.180
густой;0.180
мини;0.180
прошить;0.180
извращенный;0.180
доверять;0.180
сбыться;0.179
скорый;0.179
пристрастный;0.179
полет;0.179
сколь;0.179
прикупить;0.179
стабильный;0.179
посередине;0.179
проявляться;0.179
отечественный;0.179
пользовать;0.179
постареть;0.179
недолюбливать;0.179
смотрибельный;0.179
пара-тройка;0.179
концентрированный;0.179
отраженный;0.179
фотографировать;0.179
смачный;0.179
убить;0.179
вот-вот;0.179
подвижной;0.179
способствовать;0.179
обнаруживать;0.179
глубинный;0.179
ржачный;0.179
морской;0.179
записать;0.179
упрямый;0.178
почтенный;0.178
смазливый;0.178
тесно;0.178
определить;0.178
порнуха;0.178
бракованый;0.178
приводить;0.178
перманентный;0.178
взрослеть;0.178
откуда;0.178
головокружительный;0.178
снизу;0.178
говно;0.178
нерабочий;0.178
вышесказанный;0.178
кинуть;0.178
тактильный;0.178
обратить;0.178
связываться;0.178
моск;0.178
пафос;0.178
перепробовать;0.178
вольный;0.178
подстраивать;0.178
фотограф;0.178
доставлять;0.178
запчасти;0.178
автофокусировка;0.178
буржуазный;0.178
болтать;0.178
задорный;0.178
установочный;0.177
скрывать;0.177
пленка;0.177
малобюджетный;0.177
зверь;0.177
м-да;0.177
занудливый;0.177
поменяться;0.177
образцовый;0.177
карточный;0.177
мимика;0.177
доставить;0.177
красота;0.177
зернистость;0.177
думать;0.177
сквозной;0.177
минимум;0.177
запой;0.177
спорый;0.177
перекличка;0.177
причем;0.177
диван;0.177
гуманистический;0.176
фичать;0.176
обрывать;0.176
управляющий;0.176
общеизвестный;0.176
скандинавский;0.176
гангстерский;0.176
идеологический;0.176
загадка;0.176
юморок;0.176
пустота;0.176
разговаривать;0.176
разложенный;0.176
придурок;0.176
благой;0.176
зацикливаться;0.176
неравный;0.176
неправо;0.176
удовлетворять;0.176
разительный;0.176
вынести;0.176
вытянутый;0.176
загробный;0.176
счесть;0.176
просто-напросто;0.176
непрофессионал;0.176
равномерный;0.176
несвязный;0.176
медитативный;0.176
подход;0.176
улучшенный;0.175
разгадывать;0.175
напыщенный;0.175
стройный;0.175
бездна;0.175
разрядиться;0.175
целевой;0.175
сечь;0.175
дешевка;0.175
обеспечение;0.175
исключительно;0.175
плоховато;0.175
однообразность;0.175
лицо;0.175
разборчивый;0.175
подсветка;0.175
несметный;0.175
элегантно;0.174
разбирать;0.174
подборка;0.174
напичканный;0.174
отдать;0.174
пестрый;0.174
задуматся;0.174
динамичность;0.174
подлый;0.174
умерший;0.174
потом;0.174
заинтриговать;0.174
топить;0.174
создавать;0.174
жила;0.174
блютусый;0.174
недетский;0.174
украсть;0.174
превеликий;0.174
маркий;0.174
несуразный;0.174
горный;0.174
сытый;0.174
центральный;0.174
театральный;0.174
всяко;0.174
сократить;0.174
приловчиться;0.174
насколько;0.173
халявный;0.173
дырка;0.173
вылазить;0.173
метать;0.173
бурный;0.173
детализация;0.173
воротить;0.173
сказочка;0.173
нескользящий;0.173
дива;0.173
засвеченный;0.173
питерский;0.173
катушка;0.173
монстр;0.173
пошлость;0.173
стабилизатор;0.173
играбельный;0.173
беспредельный;0.173
непостоянный;0.173
тормоз;0.173
вымученный;0.173
непрочный;0.173
облегченный;0.173
весить;0.172
зарядка;0.172
драйв;0.172
ловкий;0.172
неинформативный;0.172
реалистический;0.172
кончить;0.172
навести;0.172
увлечься;0.172
тревожный;0.172
языческий;0.172
фильмецо;0.172
большой;0.172
оперативный;0.172
беда;0.172
зацепиться;0.172
редчайший;0.172
напряжение;0.172
огромнейший;0.172
проходимый;0.172
стремительный;0.172
неоригинальный;0.172
матрица;0.172
болеть;0.172
лихва;0.172
обилие;0.172
заточенный;0.171
забыться;0.171
чернуха;0.171
передвигать;0.171
вечерний;0.171
довестись;0.171
монолитный;0.171
улучшить;0.171
модель;0.171
шторка;0.171
неизбежность;0.171
зрелищно;0.171
шустренький;0.171
сонный;0.171
клюква;0.171
попадать;0.171
выключение;0.171
демонический;0.171
мужественный;0.171
освещение;0.171
отчаянно;0.171
корпус;0.171
наповал;0.171
барахлить;0.171
костюмированный;0.171
эстетичный;0.171
стараться;0.170
невинно;0.170
нетребовательный;0.170
переключатель;0.170
лагать;0.170
скатиться;0.170
впадать;0.170
клеить;0.170
комментарий;0.170
недоделка;0.170
воображаемый;0.170
двухсимочный;0.170
психологизм;0.170
лысый;0.170
ошеломляющий;0.170
выронить;0.170
прятать;0.170
выбор;0.170
поддающийся;0.170
панорама;0.170
используемый;0.170
строй;0.170
правда;0.170
угол;0.170
молодой;0.170
некритично;0.170
проработка;0.170
успокоиться;0.170
безымянный;0.170
мимолетный;0.170
нагруженный;0.169
полутон;0.169
комплектный;0.169
разговорный;0.169
прожитый;0.169
постельный;0.169
угадывать;0.169
таймер;0.169
тратиться;0.169
ориентация;0.169
потереться;0.169
деготь;0.169
напрямую;0.169
цепляющий;0.169
поднадоесть;0.169
восхищенный;0.169
мысленный;0.169
безмерный;0.169
вешать;0.169
вверх;0.169
книжечка;0.169
продажный;0.169
уйма;0.169
присест;0.169
красить;0.169
признавать;0.169
ограничение;0.169
вариация;0.169
повторяющийся;0.169
мало-мальски;0.168
пессимистичный;0.168
негр;0.168
воспоминание;0.168
сказаться;0.168
удаляться;0.168
творить;0.168
беспокойный;0.168
повторить;0.168
написанный;0.168
псих;0.168
максимум;0.168
подавно;0.168
отцовский;0.168
число;0.168
производственный;0.168
бывший;0.168
плач;0.168
жечь;0.168
красивенький;0.168
беспредел;0.168
вдуматься;0.168
подземный;0.168
заставить;0.168
добропорядочный;0.168
аккамулятор;0.168
рассказать;0.168
заметать;0.168
неотключаемый;0.168
банальность;0.168
незамутненный;0.168
закрыть;0.168
настойчивый;0.168
смазывать;0.167
оборотный;0.167
подороже;0.167
детство;0.167
предназначенный;0.167
глюченный;0.167
озвучка;0.167
фокусировка;0.167
длить;0.167
фиксировать;0.167
поковыряться;0.167
завлекательный;0.167
коробить;0.167
сказать;0.167
бесповоротный;0.167
коментарие;0.167
взяться;0.167
нираза;0.167
вонючий;0.167
диктофон;0.167
жертвенный;0.167
мысль;0.167
безлимитный;0.167
ненапрягающий;0.167
круглый;0.166
по-русски;0.166
текстовой;0.166
томный;0.166
поговорить;0.166
течь;0.166
заведомый;0.166
нешуточный;0.166
посвящаться;0.166
корейский;0.166
невыполнимый;0.166
уверенность;0.166
оличный;0.166
поддержка;0.166
мелькнуть;0.166
подкупить;0.166
факт;0.166
сталкиваться;0.166
греться;0.166
безделье;0.166
развлечь;0.166
закончить;0.166
наравне;0.166
замочить;0.166
крепление;0.166
отсутствие;0.166
неприязнь;0.166
раздельный;0.166
снести;0.166
смотриться;0.166
отсюда;0.166
единственый;0.166
нагло;0.166
звездный;0.165
запихать;0.165
насквозь;0.165
блаженный;0.165
подобие;0.165
плывущий;0.165
задорно;0.165
натужно;0.165
мультимедийный;0.165
завидно;0.165
превращать;0.165
абсурд;0.165
полететь;0.165
прискорбный;0.165
встречаться;0.165
фонарь;0.165
халтурный;0.165
потому;0.165
азиатский;0.165
кусаться;0.165
размышление;0.165
лазать;0.165
диск;0.165
рисованный;0.165
ожить;0.165
расстраиваться;0.165
посмеиться;0.164
опус;0.164
иметься;0.164
эпизодический;0.164
грех;0.164
материальный;0.164
неуязвимый;0.164
сеять;0.164
очаровательно;0.164
флеха;0.164
нечестный;0.164
ломкий;0.164
трагический;0.164
залезть;0.164
закончиться;0.164
вскользь;0.164
поскрипывать;0.164
переключение;0.164
перелистнуть;0.164
оговориться;0.164
поучиться;0.164
фраза;0.164
переводчица;0.164
ненароком;0.164
беготня;0.164
облом;0.164
интелект;0.164
немаркий;0.163
неделька;0.163
полюбившийся;0.163
файл;0.163
воспитанный;0.163
современый;0.163
привычка;0.163
мануал;0.163
наглядно;0.163
прикрытый;0.163
балл;0.163
всюду;0.163
экстравагантный;0.163
дождливый;0.163
гипертрофированный;0.163
испытание;0.163
включение;0.163
вступительный;0.163
степень;0.163
отпасть;0.163
впустую;0.163
повториться;0.163
немногословный;0.163
обнаружиться;0.163
дурь;0.163
зашкаливать;0.163
подниматься;0.163
непригодный;0.163
составить;0.163
инструмент;0.163
прямо-таки;0.162
агитка;0.162
переложение;0.162
приправленный;0.162
концептуальный;0.162
дожить;0.162
фарс;0.162
плинтус;0.162
тройной;0.162
похвальный;0.162
головоломка;0.162
рисковать;0.162
прошивка;0.162
неисправный;0.162
браковать;0.162
набожный;0.162
жевать;0.162
преимущество;0.162
достигнуть;0.162
досмотреть;0.162
благоприятный;0.162
туристический;0.162
питание;0.162
бессодержательный;0.162
выигрышный;0.162
смаковать;0.162
утопленный;0.162
пульт;0.162
реализовать;0.162
городской;0.162
недурно;0.162
отсылать;0.162
отказаться;0.162
перемешивать;0.162
сортирный;0.162
грустить;0.161
высоколобый;0.161
звериный;0.161
дополнение;0.161
переставить;0.161
храбрый;0.161
непозволительный;0.161
действительный;0.161
цифровик;0.161
написать;0.161
отменять;0.161
трехмерный;0.161
приобретать;0.161
приесться;0.161
всеобщий;0.161
засасывать;0.161
живить;0.161
выполнять;0.161
вышеописанный;0.161
инстинктивный;0.161
образной;0.161
подружиться;0.161
смешивать;0.161
гнилой;0.161
начинка;0.161
метровый;0.161
довести;0.161
сводить;0.161
многоточие;0.161
затрагивать;0.161
возмутительный;0.161
симпатизировать;0.161
загораться;0.161
удосужиться;0.161
нетронутый;0.160
вздрагивать;0.160
ненатурально;0.160
ведомый;0.160
впечетлений;0.160
свернуть;0.160
пораженный;0.160
дюйм;0.160
каменный;0.160
выдавать;0.160
кошачий;0.160
брать;0.160
изначальный;0.160
качаться;0.160
мелодрама;0.160
риторический;0.160
наигранный;0.160
онлайн;0.160
настроение;0.160
фронтальный;0.160
восхититься;0.160
макро;0.160
чуть;0.160
прерываться;0.160
экзотический;0.160
робкий;0.160
негодный;0.159
привести;0.159
распознавать;0.159
недешевый;0.159
название;0.159
драться;0.159
печатать;0.159
хроматический;0.159
разочеровать;0.159
мение;0.159
фотк;0.159
трахнуть;0.159
комично;0.159
преимущественно;0.159
грядущий;0.159
собирать;0.159
фанатичный;0.159
размер;0.159
медицинский;0.159
мрачность;0.159
повернуться;0.159
изучать;0.159
метафизический;0.159
перегреваться;0.159
заменить;0.159
примитивность;0.159
привлечь;0.159
переворот;0.159
ужастный;0.159
каково;0.159
разьемой;0.159
почище;0.159
проявиться;0.159
однажды;0.159
оптика;0.159
соотношение;0.158
дааа;0.158
залапывать;0.158
перефразировать;0.158
операционкий;0.158
страх;0.158
машинный;0.158
неуправляемый;0.158
равнозначный;0.158
водить;0.158
спецэффект;0.158
напомнить;0.158
трусливый;0.158
лютый;0.158
разбиваться;0.158
опошленный;0.158
занять;0.158
жопа;0.158
дерьмовый;0.158
заменимый;0.158
диагональ;0.158
дальний;0.158
перемещать;0.158
денежный;0.158
клиент;0.158
цветок;0.158
проникнутый;0.158
появляться;0.158
символизм;0.158
коварный;0.157
радужный;0.157
приносить;0.157
наспех;0.157
трогающий;0.157
назидательный;0.157
управляемый;0.157
удобнейший;0.157
разлетаться;0.157
село;0.157
однотонный;0.157
по-французски;0.157
антивоенный;0.157
пока;0.157
знатный;0.157
рискнуть;0.157
подкопить;0.157
одиноко;0.157
продать;0.157
эквалайзерый;0.157
прожженный;0.157
притормаживать;0.157
касаться;0.157
репортажной;0.157
катить;0.157
деваться;0.157
игруха;0.157
парадный;0.157
редактировать;0.157
потише;0.157
растянуть;0.157
желанный;0.157
нарочно;0.157
третьесортный;0.157
многофункциональность;0.157
блин;0.157
минус;0.157
запасть;0.157
космоопера;0.157
умственный;0.157
цвет;0.157
середнячок;0.157
социально;0.157
низкобюджетный;0.156
манипуляция;0.156
во-первых;0.156
чехольчик;0.156
жужжать;0.156
влезть;0.156
по-английски;0.156
закосой;0.156
указывать;0.156
читать;0.156
датчик;0.156
танцевать;0.156
джойстик;0.156
положить;0.156
движущий;0.156
смениться;0.156
любительница;0.156
переживательный;0.156
соответственно;0.156
наличие;0.156
пардон;0.156
перекодировать;0.156
навряд;0.156
встать;0.156
наступать;0.156
проводить;0.156
раскрытие;0.156
рисовать;0.156
сразить;0.156
попозже;0.156
простор;0.156
вылезти;0.156
кружиться;0.156
линза;0.155
подрать;0.155
серенький;0.155
нескучно;0.155
бесшумно;0.155
студенческий;0.155
наугад;0.155
дохнуть;0.155
обманывать;0.155
пиксельной;0.155
отставать;0.155
погодный;0.155
включать;0.155
бетонный;0.155
компакт;0.155
забить;0.155
нижний;0.155
телефонный;0.155
память;0.155
голливудский;0.155
требующий;0.155
признать;0.155
вздумать;0.155
потребоваться;0.155
очаровашка;0.155
телевизор;0.155
нифига;0.155
зверек;0.154
притянуть;0.154
самолюбование;0.154
светосильный;0.154
сорокалетний;0.154
думающий;0.154
отломаться;0.154
парочка;0.154
тонный;0.154
энергично;0.154
конкурент;0.154
ковыряться;0.154
скакать;0.154
ночной;0.154
хрустеть;0.154
стиральный;0.154
фрейдистский;0.154
старческий;0.154
произвольный;0.154
пьющий;0.154
предел;0.154
доступ;0.154
серость;0.154
навзрыд;0.154
телефончикий;0.154
окунуться;0.154
либеральный;0.154
светочувствительный;0.154
выделенный;0.154
китовский;0.154
выжить;0.154
гулять;0.154
панелька;0.154
последовательность;0.153
где-то;0.153
теряющий;0.153
забавлять;0.153
обработка;0.153
дизайн;0.153
умудряться;0.153
саундтрэк;0.153
выпал;0.153
штрих;0.153
наступить;0.153
старт;0.153
оборачиваться;0.153
улыбаться;0.153
истерический;0.153
починить;0.153
наигранность;0.153
удержаться;0.153
тесный;0.153
поломка;0.153
настроиться;0.153
разрывать;0.153
внизу;0.153
пытаться;0.153
волноваться;0.153
носить;0.153
русификация;0.153
мерцать;0.153
вытащить;0.153
лопата;0.153
завуалированный;0.153
посреди;0.153
требовать;0.153
обеспечивать;0.153
безропотный;0.153
возиться;0.153
баланс;0.152
уступающий;0.152
раздумье;0.152
хронологический;0.152
непрекращающийся;0.152
русифицированный;0.152
жалость;0.152
звучание;0.152
блютузый;0.152
переменный;0.152
идейный;0.152
приплести;0.152
означать;0.152
куда-нибудь;0.152
катиться;0.152
столкнуться;0.152
говорить;0.152
гротескно;0.152
лопнуть;0.152
зелененький;0.152
обыгранный;0.152
эфемерный;0.152
впечатлиться;0.152
новичок;0.152
разряженный;0.152
неохотно;0.152
мнить;0.152
многопользовательский;0.152
подстроить;0.152
симпатишный;0.152
вдохновить;0.152
тщеславие;0.152
пересечение;0.152
пролистывать;0.152
отстраненный;0.152
сладко;0.152
выступать;0.151
прогибаться;0.151
чепуха;0.151
помочь;0.151
плотский;0.151
любовь;0.151
перерасти;0.151
готический;0.151
принимать;0.151
небеса;0.151
простецкий;0.151
железо;0.151
перекинуть;0.151
яростный;0.151
бродить;0.151
запомнившийся;0.151
класно;0.151
научить;0.151
шоколадный;0.151
подражать;0.151
запрятанный;0.151
пристальный;0.151
полежать;0.151
ненависть;0.151
выключенный;0.151
обещать;0.151
чтение;0.151
выдумка;0.151
бездарность;0.151
неосознанно;0.151
логически;0.151
добродушный;0.151
горячо;0.151
оказываться;0.151
габарит;0.151
американизированный;0.150
перебить;0.150
отважный;0.150
закомплексованный;0.150
ужасать;0.150
тупейший;0.150
бодренький;0.150
вперед;0.150
произойти;0.150
рутинный;0.150
культурный;0.150
убирать;0.150
выскользнуть;0.150
перечитанный;0.150
догнать;0.150
заряженный;0.150
ложка;0.150
задать;0.150
шипеть;0.150
заканчиваться;0.150
пересчитать;0.150
выша;0.150
меломан;0.150
по-дурацки;0.150
раскрыться;0.150
питать;0.150
поразмышлять;0.150
многообещающ;0.150
взбалмошный;0.150
заставка;0.150
жесткость;0.150
воедино;0.150
короча;0.150
разговор;0.150
недоставать;0.149
мотивированный;0.149
добиться;0.149
сказанный;0.149
вдоволь;0.149
буйный;0.149
угрюмый;0.149
ненатуральный;0.149
содранный;0.149
приближение;0.149
подсвечивать;0.149
трюк;0.149
средства;0.149
подключать;0.149
скучища;0.149
хотяб;0.149
вновь;0.149
мелодия;0.149
ныне;0.149
переименовать;0.149
перечисление;0.149
петь;0.149
путешествовать;0.149
подбор;0.149
мигать;0.149
ручка;0.149
квадратик;0.149
японский;0.149
приоритет;0.149
лживый;0.149
безмятежный;0.149
медленый;0.149
исправный;0.149
выдохнуться;0.149
сюрреалистичный;0.149
штамп;0.149
квестой;0.149
постичь;0.148
скин;0.148
стереотипный;0.148
приевшийся;0.148
мечтательный;0.148
рассмешить;0.148
мень;0.148
ксеноновый;0.148
поломаться;0.148
пионерский;0.148
подбирать;0.148
безрезультатно;0.148
печаль;0.148
недельный;0.148
продавать;0.148
покоробить;0.148
райский;0.148
битный;0.148
паче;0.148
стенка;0.148
экспрессивный;0.148
зевота;0.148
мохнатый;0.148
ментальный;0.148
регулировка;0.148
занятой;0.148
вдвое;0.148
по-новому;0.148
мафиозный;0.148
укладываться;0.148
подчас;0.148
определение;0.148
повесить;0.148
аський;0.148
философия;0.148
вещица;0.148
страстно;0.148
глотать;0.148
очарование;0.148
творение;0.148
групповой;0.148
командный;0.148
орало;0.148
благодарить;0.148
вылетать;0.147
просто-таки;0.147
начало;0.147
латиноамериканский;0.147
озабоченный;0.147
понятый;0.147
повзрослеть;0.147
смысл;0.147
здравомыслящий;0.147
сабрин;0.147
вспомогательный;0.147
инетый;0.147
пользоватся;0.147
коридорный;0.147
скандальный;0.147
сюрприз;0.147
нет-нет;0.147
неловкость;0.147
рассказик;0.147
отвечать;0.147
утруждать;0.147
стиль;0.147
декорация;0.147
акум;0.147
скорострельный;0.146
сработать;0.146
коктейль;0.146
алчный;0.146
пересесть;0.146
надоедливый;0.146
замечание;0.146
комбинация;0.146
хароший;0.146
критиковать;0.146
беззвучный;0.146
пропасть;0.146
разделять;0.146
негритенок;0.146
консервативный;0.146
педантичный;0.146
гиперболизировать;0.146
отрывок;0.146
романтика;0.146
запись;0.146
нечувствительный;0.146
стихотворный;0.146
гига;0.146
финансовый;0.146
прикраса;0.146
крышечка;0.146
прочь;0.146
лимоновый;0.146
насыщенно;0.146
умалять;0.146
раздражение;0.146
похвалить;0.146
фотиков;0.146
по-человечески;0.146
стекло;0.146
злость;0.146
перекос;0.146
подразумевать;0.146
перепутанный;0.146
романный;0.146
начинаться;0.146
влитый;0.146
единичный;0.145
направо;0.145
цена-качество;0.145
метафора;0.145
переделывать;0.145
подсказывать;0.145
опускать;0.145
заносить;0.145
разъем;0.145
деть;0.145
выпирать;0.145
копать;0.145
патологический;0.145
кадр;0.145
непоследовательный;0.145
переврать;0.145
зловещий;0.145
наиболее;0.145
претендующий;0.145
гореть;0.145
перенастроить;0.145
разнести;0.145
планировать;0.145
жаждать;0.145
дьявольский;0.145
интересующийся;0.145
разноцветный;0.145
исправленный;0.145
небытие;0.145
боль;0.145
бонус;0.145
каяться;0.145
утомить;0.145
ущербный;0.145
боком;0.145
подешевле;0.145
бессердечный;0.145
присматриваться;0.145
крикнуть;0.145
богато;0.144
скрипучий;0.144
режиссерский;0.144