lemma;sentiment
бесподобный;1
невнятный;1
отличнейший;1
обалденный;1
безумно;1
непонятно;1
неприятно;1
отвратный;1
нежный;1
посредственный;1
шикарный;1
нелогичный;1
клевый;1
средненький;1
непонятный;1
слабенький;1
неестественный;1
неплохо;1
суперский;1
неплохой;1
тупо;1
превосходный;1
неоднозначный;1
прикольный;1
необычный;1
красочный;1
бессмысленный;1
нереальный;1
неожиданный;1
классный;1
офигительный;1
непредсказуемый;1
изумительный;1
неудобный;1
безупречно;1
тупой;1
убогий;1
простенький;1
разочарованный;1
нелепый;1
несерьезный;1
бесполезный;1
безупречный;1
непривычный;1
удачный;1
неторопливый;1
жутко;1
однозначный;1
некрасивый;1
ненужный;1
потрясающий;1
одноразовый;1
шикарно;1
замечательный;1
чудесный;1
бесить;1
отвратительный;1
неприятный;1
невзрачный;1
плохо;1
нереально;1
восхитительный;1
реалистичный;1
невероятный;1
добротный;1
веселый;1
фуфло;1
туповатый;1
симпатичный;1
худой;1
фигня;1
маловато;1
отстой;1
продуманный;1
банальный;1
скучный;1
идиотский;1
отстойный;1
динамичный;1
добротно;1
нестандартный;1
безнадежный;1
неудачный;1
приятно;1
нудно;1
ужасно;1
гениальный;1
любимый;1
немаловажный;1
классно;1
логичный;1
круто;1
гармоничный;1
забавный;1
крутой;1
однозначно;1
слабоватый;1
смешной;1
продвинутый;1
удивительный;1
бесконечный;1
неудобно;1
полнейший;1
пошлый;1
идеально;1
нервно;1
жалко;1
блестящий;1
бредовый;1
предсказуемый;1
неподходящий;1
редко;1
понятный;1
ярко;1
стыдный;1
великолепный;1
кривой;1
плохой;1
недовольный;1
скучно;1
довольный;1
терпимый;1
непросто;1
ужасный;1
глубокий;1
безумный;1
примитивный;1
оригинальный;1
невозможно;1
раскрытый;1
неинтересный;1
напрягать;1
отличный;1
своеобразный;1
однообразный;1
незатейливый;1
стильный;1
негативный;1
обязательно;1
корявый;1
искренний;1
достойный;1
сплошной;1
ненавязчивый;1
порадовать;1
смешно;1
бездарный;1
согласный;1
удивительно;1
дурацкий;1
неспешный;1
новенький;1
однотипный;1
жуть;1
разочароваться;1
офигенный;1
больно;1
хреновый;1
статичный;1
потрясный;1
стандартный;1
неправильный;1
бестолковый;1
увлекательный;1
унылый;1
необычно;1
плоский;1
подкачать;1
необыкновенный;1
жуткий;1
жалеть;1
неповторимый;1
надоедать;1
незамысловатый;1
дико;1
приятный;1
переставать;1
незначительный;1
легкий;1
отрывать;1
логично;1
откровенный;1
нормально;1
несомненный;1
насыщенный;1
пожалеть;1
качественный;1
сильно;1
вменяемый;1
раздражать;1
средне;1
запутанный;1
грустно;1
сочный;1
супер;1
одинаковый;1
бесплатно;1
неожиданно;1
субъективный;1
несложный;1
незаметно;1
бесспорный;1
грустный;1
толковый;1
особенный;1
приличный;1
класный;1
тонкий;1
жалкий;1
глупый;1
неописуемый;1
позитивный;1
разочаровать;1
неоправданный;1
худший;1
сложный;1
идеальный;1
малость;1
непередаваемый;1
непринужденный;1
неудачно;1
простоватый;1
умный;1
милый;1
забавно;1
яркий;1
незаменимый;1
слабый;1
небыть;1
отлично;1
неинтересно;1
портить;1
глупо;1
страшно;1
полезный;1
шумный;1
нехороший;1
цеплять;1
настольный;1
безобразие;1
недостаточно;1
сюжетный;1
имхо;1
непревзойденный;1
непростой;1
нормальный;1
нудный;1
недолго;1
тянуть;1
непродуманный;1
отвратно;1
впечатлить;1
светлый;1
невыносимый;1
блеклый;1
типичный;1
недоделанный;1
удачно;1
равнодушный;1
раздражающий;1
весело;1
мутный;1
незаметный;1
дотягивать;1
вобще;1
надоесть;1
скучноватый;1
страшный;1
неприличный;1
удивленный;1
вялый;1
легко;1
плавный;1
бледный;1
завораживающий;1
невольно;1
грамотно;1
эффектный;1
сказочный;1
получше;1
начинающий;1
смазанный;1
мало;1
интересный;1
безобразный;1
честно;1
серый;1
переключать;1
внятный;1
мило;1
кошмарный;1
адекватный;1
отвратительно;1
неадекватный;1
нравиться;1
лишенный;1
старенький;1
растянутый;1
интуитивный;1
годиться;1
шедевральный;1
сравнимый;1
сносный;1
чуткий;1
переживать;1
невозможный;1
нехватать;1
перечисленный;1
хилый;1
отменный;1
необходимый;1
неимоверно;1
разнообразный;1
безликий;1
правдоподобный;1
четко;1
глубоко;1
неважно;1
безмерно;1
небольшой;1
интересно;1
специфичный;1
поразительный;1
неспешно;-1
чумовой;-1
пустой;-1
шибко;-1
редкостный;-1
правильный;-1
убожество;-1
посредственно;-1
необычайный;-1
невообразимый;-1
важно;-1
мерзкий;-1
умопомрачительный;-1
достойно;-1
четкий;-1
лишний;-1
здоровский;-1
нечасто;-1
излишний;-1
вцелый;-1
бесчисленный;-1
печальный;-1
красивый;-1
тусклый;-1
актуальный;-1
спорный;-1
переплюнуть;-1
бред;-1
красочно;-1
свежий;-1
задумывать;-1
неимоверный;-1
дешевый;-1
натуральный;-1
темно;-1
второстепенный;-1
особо;-1
неподготовленный;-1
органично;-1
умелый;-1
гениально;-1
удобно;-1
наивный;-1
чушь;-1
захватывать;-1
прилично;-1
слабовато;-1
восторг;-1
теплый;-1
мрачный;-1
радовать;-1
реально;-1
быстро;-1
крепко;-1
грамотный;-1
элементарный;-1
размытый;-1
ручной;-1
неподражаемый;-1
сумасшедший;-1
фантастический;-1
стоящий;-1
эмоциональный;-1
привычно;-1
ленивый;-1
заморачивать;-1
оторваться;-1
тихо;-1
прелесть;-1
улет;-1
нелинейный;-1
обожать;-1
долго;-1
душевный;-1
привычный;-1
осилить;-1
отпускать;-1
тяжело;-1
медленно;-1
классический;-1
сложно;-1
странно;-1
непосредственный;-1
подходящий;-1
безотказный;-1
непонравиться;-1
сырой;-1
навязчивый;-1
чудесно;-1
неуверенный;-1
фига;-1
дамский;-1
скудный;-1
хитрый;-1
устаревший;-1
затянутый;-1
специфический;-1
жесть;-1
утомительный;-1
занудный;-1
ясный;-1
захотеться;-1
бесконечность;-1
паршивый;-1
вторичный;-1
вобщий;-1
бесплатный;-1
актуально;-1
битый;-1
малоизвестный;-1
живой;-1
стильно;-1
симпотичный;-1
уникальный;-1
заумный;-1
похожий;-1
светло;-1
вкусный;-1
низко;-1
полезно;-1
подобранный;-1
поделка;-1
испортить;-1
неровный;-1
безусловный;-1
лучший;-1
соответствующий;-1
перечитать;-1
жесткий;-1
недоумение;-1
бодрый;-1
обидно;-1
надолго;-1
неверно;-1
шикарнейший;-1
плюсовый;-1
выдающийся;-1
ровный;-1
немножко;-1
незабываемый;-1
любящий;-1
желательный;-1
афигенный;-1
конкретно;-1
средненько;-1
шаблонный;-1
занятный;-1
серьезно;-1
чересчур;-1
здорово;-1
советовать;-1
емкий;-1
потерянный;-1
перебор;-1
чуть-чуть;-1
непрерывный;-1
немыслимый;-1
очевидный;-1
понятно;-1
явно;-1
доступный;-1
неопытный;-1
перечислять;-1
настоятельно;-1
ерунда;-1
жестко;-1
доступно;-1
тяжелый;-1
многовато;-1
сильный;-1
шедевр;-1
подробный;-1
мыльный;-1
удобный;-1
точный;-1
много;-1
ненадолго;-1
корректный;-1
разумный;-1
немалый;-1
многообещающий;-1
завораживать;-1
длинный;-1
тупить;-1
немой;-1
ужасающий;-1
замечать;-1
занимательный;-1
поверхностный;-1
полно;-1
уверенный;-1
глючный;-1
ценный;-1
проходной;-1
незнакомый;-1
слепой;-1
удивить;-1
самостоятельный;-1
выдержанный;-1
виноватый;-1
непосредственно;-1
намного;-1
примитивно;-1
нетривиальный;-1
впринципа;-1
принципиальный;-1
уставать;-1
пресный;-1
отпад;-1
дошлый;-1
нелепо;-1
близко;-1
мелкий;-1
печально;-1
поражать;-1
прекрасно;-1
скрытый;-1
спокойно;-1
слишком;-1
совершенно;-1
угодный;-1
странный;-1
оправдывать;-1
популярный;-1
хвалебный;-1
некорректный;-1
заметный;-1
захватывающий;-1
честный;-1
явный;-1
чудный;-1
физический;-1
громко;-1
неживой;-1
медленный;-1
совсем;-1
потрясать;-1
сугубо;-1
влюбиться;-1
дикий;-1
поворачиваться;-1
логический;-1
непременно;-1
бессмертный;-1
неважный;-1
хрупкий;-1
бравый;-1
существенный;-1
отзыв;-1
сломаться;-1
предвзятый;-1
обажай;-1
тугой;-1
многогранный;-1
побольше;-1
примечательный;-1
нелогично;-1
маловажный;-1
изящный;-1
читаемый;-1
вообщий;-1
моментальный;-1
несчастный;-1
нежно;-1
недавно;-1
стойкий;-1
уместный;-1
ограниченный;-1
нехилый;-1
неустойчивый;-1
правильно;-1
солнечный;-1
блистать;-1
заметно;-1
получиться;-1
впечатлять;-1
сбалансированный;-1
чувствоваться;-1
глянцевый;-1
спасать;-1
дрянь;-1
невыразительный;-1
многочисленный;-1
активный;-1
неяркий;-1
атмосферный;-1
плеваться;-1
редкий;-1
профессиональный;-1
невооруженный;-1
профессионально;-1
неискушенный;-1
скоро;-1
отрицательный;-1
спокойный;-1
видный;-1
схожий;-1
трудный;-1
мощный;-1
неограниченный;-1
высший;-1
никакущий;-1
практичный;-1
мрачноватый;-1
беспощадный;-1
неоспоримый;-1
неведомый;-1
восторженный;-1
сносно;-1
плавно;-1
мягко;-1
прикол;-1
хорший;-1
поганый;-1
перевернуть;-1
нейтральный;-1
колоритный;-1
противоречивый;-1
уютный;-1
неординарный;-1
средний;-1
любопытный;-1
выкинуть;-1
чудной;-1
проработанный;-1
фирменный;-1
убойный;-1
короткий;-1
ушлый;-1
искрометный;-1
спорить;-1
нелегкий;-1
счастливый;-1
скученный;-1
слышать;-1
ужас;-1
познавательный;-1
прекрасный;-1
одинаково;-1
чувствительный;-1
перестать;-1
безбашенный;-1
зреть;-1
гламурный;-1
никчемный;-1
хромать;-1
перемудрить;-1
хочеться;-1
наивно;-1
непохожий;-1
переходной;-1
влюбленный;-1
понравиться;-1
выразительный;-1
интерестный;-1
противопоказанный;-1
важный;-1
скользкий;-1
притягательный;-1
свойственный;-1
линейный;-1
теряться;-1
хватать;-1
перегруженный;-1
ненормальный;-1
видимый;-1
лезть;-1
типично;-1
невесомый;-1
закрытый;-1
ненавидеть;-1
читабельный;-1
дешево;-1
сыроватый;-1
резкий;-1
блекнуть;-1
волшебный;-1
оправданный;-1
недурной;-1
обязательный;-1
бедный;-1
плотно;-1
нескончаемый;-1
рекомендовать;-1
ненадежный;-1
повестись;-1
недочет;-1
простой;-1
устареть;-1
вытягивать;-1
реализованный;-1
независимо;-1
чисто;-1
потрясти;-1
блеск;-1
повседневный;-1
всегда;-1
неоднократно;-1
слегка;-1
прекраснейший;-1
несущественный;-1
огорчить;-1
искусственный;-1
ломаться;-1
по-настоящему;-1
знающий;-1
прочесть;-1
неловко;-1
приемлемый;-1
внимательный;-1
комп;-1
тонко;-1
непростительный;-1
невысокий;-1
пережить;-1
безумие;-1
частый;-1
дружелюбный;-1
правдивый;-1
перечитывать;-1
непритязательный;-1
уступать;-1
коротенький;-1
аккуратно;-1
купля;-1
безбожно;-1
старый;-1
разочарование;-1
громкий;-1
богатый;-1
коротко;-1
ваща;-1
родной;-1
жизненный;-1
бездарно;-1
настроить;-1
противный;-1
задумчивый;-1
зеркальный;-1
тяжеловатый;-1
динамично;-1
харизматичный;-1
неверный;-1
ясно;-1
пригодный;-1
переигрывать;-1
пригодиться;-1
всяческий;-1
мягкий;-1
развитой;-1
неуклюжий;-1
нервный;-1
открытый;-1
тянутый;-1
независимый;-1
возможный;-1
довольно-таки;-1
знакомый;-1
критично;-1
вечно;-1
хватить;-1
добрый;-1
скромный;-1
пафосный;-1
нерв;-1
глухой;-1
немало;-1
обнаружить;-1
упрощенный;-1
неполный;-1
тратить;-1
повезти;-1
улыбнуть;-1
заурядный;-1
присущий;-1
зацепить;-1
разочаровывать;-1
контрастный;-1
подробно;-1
прямой;-1
чистый;-1
неубиваемый;-1
романтичный;-1
искуственный;-1
отменно;-1
указанный;-1
перевешивать;-1
недоступный;-1
чертовски;-1
нужный;-1
недостаточный;-1
трудно;-1
привлекательный;-1
пахнуть;-1
безграничный;-1
объективный;-1
допустимый;-1
жизненно;-1
вдумчивый;-1
негатив;-1
расплывчатый;-1
необязательно;-1
дурной;-1
бодро;-1
некачественный;-1
летать;-1
надежный;-1
утомлять;-1
умеренный;-1
резко;-1
человечный;-1
требовательный;-1
малейший;-1
женственный;-1
драматичный;-1
модный;-1
любимейший;-1
картонный;-1
пробовать;-1
детский;-1
заморочка;-1
вечный;-1
громоздкий;-1
безусловно;-1
хороший;-1
надуманный;-1
живучий;-1
недорогой;-1
дебильный;-1
объемный;-1
красный;-1
пристойный;-1
комфортный;-1
дотянуть;-1
разобраться;-1
париться;-1
ожидать;-1
прямолинейный;-1
единый;-1
адекватно;-1
прочный;-1
недостаток;-1
недавний;-1
начальный;-1
неказистый;-1
включаться;-1
шустрый;-1
бесенок;-1
известный;-1
везде;-1
взрослый;-1
выгодный;-1
сравниться;-1
знаковый;-1
темный;-1
непрерывно;-1
смести;-1
незнать;-1
продолжительный;-1
пересматривать;-1
омерзительный;-1
философский;-1
жутковатый;-1
замеченный;-1
великий;-1
бережно;-1
ругать;-1
недолгий;-1
изредка;-1
пересмотреть;-1
выгодно;-1
двоякий;-1
мобильный;-1
мгновенно;-1
плакать;-1
покруче;-1
неминуемый;-1
абсолютно;-1
таскать;-1
тупость;-1
мучать;-1
бездумный;-1
неизвестный;-1
естественный;-1
внимательно;-1
скользить;-1
переборщить;-1
пропадать;-1
фэнтезийный;-1
интенсивный;-1
бесценный;-1
ощутимый;-1
мешать;-1
дохлый;-1
идиотизм;-1
поразить;-1
затягивать;-1
зачем;-1
похуже;-1
кратко;-1
грубый;-1
нехитрый;-1
вериться;-1
информативный;-1
несовершенный;-1
отпадный;-1
навороченный;-1
пришлый;-1
эффективный;-1
настоящий;-1
неудобство;-1
ронять;-1
визуальный;-1
кончиться;-1
передний;-1
переворачивать;-1
случайно;-1
противно;-1
кажеться;-1
изрядно;-1
проблематичный;-1
простенько;-1
придираться;-1
пластмассовый;-1
распространенный;-1
реагировать;-1
хрен;-1
вставлять;-1
небогатый;-1
переносить;-1
глюк;-1
немецкий;-1
благодарный;-1
забывать;-1
трогательный;-1
пугать;-1
трогать;-1
универсальный;-1
противоположный;-1
малый;-1
немного;-1
ранний;-1
встречать;-1
сомневаться;-1
конкретный;-1
аккуратный;-1
выключить;-1
косяк;-1
меньший;-1
глубже;-1
пародия;-1
приближенный;-1
убедительный;-1
нехорошо;-1
левый;-1
искушенный;-1
нести;-1
странноватый;-1
лаконичный;-1
дерьмо;-1
слышный;-1
равный;-1
жаловаться;-1
нечеловеческий;-1
мелочь;-1
готовый;-1
всеравно;-1
значительный;-1
придумать;-1
хрень;-1
удаленный;-1
похвала;-1
улетный;-1
широкий;-1
запредельный;-1
сомнительный;-1
придирчивый;-1
оставлять;-1
мерзко;-1
незаслуженно;-1
монотонный;-1
изящно;-1
садить;-1
стремный;-1
расстроить;-1
помогать;-1
защищенный;-1
кнопочка;-1
запоминающийся;-1
весомый;-1
дневной;-1
черно-белый;-1
поделать;-1
увесистый;-1
потянуть;-1
положительный;-1
полюбить;-1
респект;-1
случайный;-1
непостижимый;-1
мистический;-1
очень-очень;-1
характерный;-1
перечислить;-1
неизменный;-1
очередной;-1
узнаваемый;-1
гадость;-1
узкий;-1
гордый;-1
эпический;-1
несложно;-1
вполне;-1
тащиться;-1
быстрый;-1
перевести;-1
чудовищный;-1
вначале;-1
очаровательный;-1
уметь;-1
переплетение;-1
впечатлительный;-1
далеко;-1
потраченый;-1
цифровой;-1
раздумывать;-1
напрочь;-1
верный;-1
нескольку;-1
объективно;-1
животный;-1
повыше;-1
принудительный;-1
невидимый;-1
перенасыщенный;-1
ладно;-1
бешеный;-1
простейший;-1
избитый;-1
одновременно;-1
нелюбимый;-1
халтура;-1
божественный;-1
урезанный;-1
скачать;-1
выдуманный;-1
способный;-1
смертельный;-1
помешать;-1
великолепнейший;-1
доставать;-1
наслаждаться;-1
смог;-1
неуместный;-1
говорящий;-1
твердый;-1
ощущение;-1
устраивать;-1
сдохнуть;-1
заданный;-1
ценить;-1
нелегко;-1
самодостаточный;-1
здравый;-1
жрать;-1
сопереживать;-1
беспорядочный;-1
виртуальный;-1
сделаный;-1
полноценный;-1
органичный;-1
туда-сюда;-1
нещадно;-1
неизбежный;-1
радостный;-1
мочилов;-1
забытый;-1
роскошный;-1
связанный;-1
вызывающий;-1
умно;-1
затягивающий;-1
сногсшибательный;-1
оправдаться;-1
любительский;-1
достоин;-1
близкий;-1
восхищать;-1
попсовый;-1
многолетний;-1
лапочка;-1
тыкать;-1
отходить;-1
оптимальный;-1
отдыхать;-1
толстый;-1
юморной;-1
глючить;-1
срабатывать;-1
скупой;-1
листать;-1
здоровый;-1
простительный;-1
етый;-1
культовый;-1
заметить;-1
ошибаться;-1
неполноценный;-1
атмосферно;-1
несмешной;-1
двойственный;-1
тормозить;-1
крупный;-1
задуматься;-1
абсолютный;-1
захватывающ;-1
неглубокий;-1
неясно;-1
общий;-1
неправдоподобный;-1
модно;-1
ошибиться;-1
обширный;-1
жестокий;-1
визуально;-1
перекрывать;-1
значимый;-1
успешно;-1
уверенно;-1
возможно;-1
обязанный;-1
подводить;-1
бездушный;-1
забитый;-1
крепкий;-1
виснуть;-1
низкий;-1
отличаться;-1
тяжеловесный;-1
радоваться;-1
хорошо;-1
уныло;-1
стеб;-1
абсурдный;-1
мучительный;-1
розовый;-1
свежо;-1
очень-то;-1
догадаться;-1
удовольствие;-1
замысловатый;-1
маразм;-1
переводчик;-1
по-другому;-1
внешне;-1
высоко;-1
замороченный;-1
внушительный;-1
невразумительный;-1
запоминаться;-1
грязный;-1
чувствовать;-1
эротический;-1
сочно;-1
условно;-1
устать;-1
пойма;-1
дождаться;-1
сопли;-1
размазанный;-1
молодец;-1
заслуживать;-1
обращать;-1
обидный;-1
привыкнуть;-1
серьезный;-1
обыкновенный;-1
стереть;-1
ощутимо;-1
придраться;-1
неочень;-1
перейти;-1
шагом;-1
неловкий;-1
малюсенький;-1
передать;-1
стальной;-1
зависнуть;-1
переходящий;-1
среднестатистический;-1
удивляться;-1
слушать;-1
эдак;-1
эстетический;-1
мудрый;-1
альтернативный;-1
попасться;-1
кайф;-1
хлипкий;-1
правый;-1
безысходность;-1
тошнить;-1
настолько;-1
бесшумный;-1
перерыв;-1
удаться;-1
обыденный;-1
ностальгический;-1
запомниться;-1
величайший;-1
показаться;-1
острый;-1
дополнительный;-1
провальный;-1
уродливый;-1
тщательно;-1
грубоватый;-1
злобный;-1
гнаться;-1
тоненький;-1
ценитель;-1
выдерживать;-1
подругий;-1
дорасти;-1
карманный;-1
самостоятельно;-1
резать;-1
строгий;-1
реальный;-1
нелогичность;-1
многозначительный;-1
комплект;-1
попадаться;-1
ничуть;-1
применимый;-1
пресловутый;-1
невзначай;-1
неподвижный;-1
приключенческий;-1
устойчивый;-1
цельный;-1
интереснейший;-1
фоновый;-1
деревянный;-1
идентичный;-1
детально;-1
влиять;-1
неряшливый;-1
кошмар;-1
исключительный;-1
поучительный;-1
человеческий;-1
куча;-1
слышно;-1
заманчивый;-1
почитать;-1
глобальный;-1
беспокоить;-1
нечеткий;-1
маловат;-1
недоработка;-1
одновременный;-1
удовлетворенный;-1
давить;-1
снятой;-1
опытный;-1
извинить;-1
женский;-1
тонуть;-1
отчетливый;-1
активно;-1
осторожный;-1
слабонервный;-1
перенести;-1
напрасно;-1
гладко;-1
прелестный;-1
нажимать;-1
щемящий;-1
обычный;-1
пронзительный;-1
мучительно;-1
осмысленный;-1
беспрерывный;-1
научиться;-1
качать;-1
цветной;-1
отзывчивый;-1
должный;-1
обратно;-1
единственно;-1
минимальный;-1
смеяться;-1
наизусть;-1
переходный;-1
нетерпение;-1
неспособный;-1
успевать;-1
достаточный;-1
еле-еле;-1
занудно;-1
передовой;-1
плотный;-1
тяжеловато;-1
капризный;-1
навсегда;-1
заряжаться;-1
погружаться;-1
перевод;-1
низкопробный;-1
камерный;-1
маленький;-1
чуточку;-1
романтический;-1
критичный;-1
неслабый;-1
брутальный;-1
мощно;-1
неидеальный;-1
китайский;-1
безукоризненный;-1
стереться;-1
врать;-1
неточность;-1
невозможность;-1
окончательный;-1
валяться;-1
индивидуальный;-1
неизгладимый;-1
муть;-1
хорошое;-1
сумашедший;-1
повышенный;-1
столь;-1
пусто;-1
подкупать;-1
рубилов;-1
неумение;-1
сойти;-1
расстроенный;-1
любопытно;-1
заглавный;-1
удивиться;-1
переводить;-1
словарный;-1
увлекать;-1
неубедительно;-1
чувственный;-1
подвести;-1
бояться;-1
темнота;-1
заставлять;-1
корректно;-1
тривиальный;-1
ненавистный;-1
описать;-1
хорошенький;-1
сторонний;-1
беспроводный;-1
неприхотливый;-1
кончаться;-1
впечатление;-1
добавленный;-1
столько;-1
любоваться;-1
несоответствие;-1
топорный;-1
получаться;-1
трагичный;-1
курить;-1
матовый;-1
сломать;-1
невменяемый;-1
некогда;-1
игрушечный;-1
помоему;-1
бредятин;-1
будить;-1
зачем-то;-1
фантастически;-1
серебристый;-1
достоверно;-1
попроще;-1
вправду;-1
идеал;-1
адаптированный;-1
расставаться;-1
сопливый;-1
превзойти;-1
хотеться;-1
художественно;-1
беспросветный;-1
воспринимать;-1
проникнуться;-1
основательный;-1
принятый;-1
мурашка;-1
дорогой;-1
слащавый;-1
интеллектуальный;-1
невнятно;-1
завидовать;-1
небанальный;-1
золотой;-1
проблемма;-1
помнить;-1
побояться;-1
настраивать;-1
встроеный;-1
искаженный;-1
крайний;-1
бескорыстный;-1
набор;-1
прозрачный;-1
яркость;-1
школьный;-1
определенный;-1
одноклассник;-1
предельно;-1
чего-то;-1
слюнявый;-1
плоско;-1
несравненный;-1
рабочий;-1
нигде;-1
неизменно;-1
шустро;-1
обыденно;-1
тягомотный;-1
парадоксальный;-1
увлечь;-1
погружение;-1
любитель;-1
рядовой;-1
досадный;-1
никудышный;-1
смехотворный;-1
разный;-1
зависимый;-1
деться;-1
читаться;-1
довольно;-1
безвкусный;-1
древний;-1
стирать;-1
склонный;-1
послушать;-1
игровой;-1
смотреться;-1
совершенный;-1
гигантский;-1
безжалостный;-1
прорисованный;-1
преданный;-1
заново;-1
лазить;-1
нередко;-1
потраченный;-1
купиться;-1
простота;-1
огорчать;-1
отчий;-1
мыслимый;-1
одноименный;-1
нечаянно;-1
рулить;-1
передавать;-1
критический;-1
неглупый;-1
неприглядный;-1
фиговый;-1
классика;-1
аналогичный;-1
измениться;-1
напрягаться;-1
прочтение;-1
превосходить;-1
тягомотина;-1
зеленый;-1
многократно;-1
годный;-1
чрезмерный;-1
понт;-1
прочитанный;-1
обаятельный;-1
цветовой;-1
вторично;-1
комфортно;-1
лаконично;-1
перекочевать;-1
привыкать;-1
смутно;-1
художественный;-1
додуматься;-1
ощущать;-1
кидать;-1
переделать;-1
условный;-1
однобокий;-1
осторожно;-1
переносной;-1
фанат;-1
сказочно;-1
выдержать;-1
компенсировать;-1
дешовый;-1
длительный;-1
поворотный;-1
по-моему;-1
находка;-1
желать;-1
хваленый;-1
недоработанный;-1
скука;-1
описанный;-1
жать;-1
скрипеть;-1
грязно;-1
рекламный;-1
задевать;-1
бесцветный;-1
приемлимый;-1
спрашиваться;-1
тяжеленький;-1
необычность;-1
недалекий;-1
смущать;-1
незаурядный;-1
остроумный;-1
поправимый;-1
спортивный;-1
картинка;-1
повторяться;-1
отваливаться;-1
умирать;-1
разглядеть;-1
жизнеутверждающий;-1
мужской;-1
компьютерный;-1
угадать;-1
предусмотренный;-1
потеряться;-1
справедливо;-1
смертный;-1
заезженный;-1
зависать;-1
бумажный;-1
выводить;-1
славный;-1
находить;-1
наглый;-1
мрачно;-1
обманчивый;-1
безвозвратно;-1
троечка;-1
давно;-1
немолодой;-1
перемещение;-1
заряжать;-1
небрежно;-1
беситься;-1
запутанно;-1
неудивительно;-1
никуда;-1
дурно;-1
беззащитный;-1
лубочный;-1
минутный;-1
уважаемый;-1
свободно;-1
понадобиться;-1
отдельно;-1
крохотный;-1
сказка;-1
сивый;-1
неуместно;-1
слабенек;-1
по-детски;-1
необходимость;-1
расслабиться;-1
отсутствовать;-1
неясный;-1
любить;-1
лиричный;-1
мудреный;-1
переходить;-1
выпуклый;-1
смахивать;-1
тоскливый;-1
напряженный;-1
неприкрытый;-1
утонченный;-1
незнание;-1
противоударный;-1
данный;-1
депрессивный;-1
необъяснимый;-1
мозги;-1
определиться;-1
посторонний;-1
развлекательный;-1
фальшивый;-1
чистейший;-1
душевно;-1
бегать;-1
убивать;-1
ностальгия;-1
нафига;-1
пронзительно;-1
точно;-1
просто;-1
нешумный;-1
остроумно;-1
собственный;-1
схематичный;-1
желтый;-1
кажущийся;-1
подходить;-1
зернистый;-1
жирный;-1
вылезать;-1
пропускать;-1
терять;-1
выжать;-1
исходящий;-1
капелька;-1
расстроиться;-1
сознательно;-1
оправдать;-1
оттуда;-1
неумелый;-1
суровый;-1
натурально;-1
качественый;-1
вкусно;-1
значительно;-1
найти;-1
оторвать;-1
неубедительный;-1
тошнотворный;-1
немудрено;-1
попутно;-1
бессвязный;-1
бережный;-1
вовсе;-1
звуковой;-1
отдельный;-1
базовый;-1
беспомощный;-1
ненормативный;-1
разнообразие;-1
безопасный;-1
творческий;-1
искажать;-1
существовать;-1
сумбурный;-1
уморительный;-1
безудержный;-1
карикатурный;-1
зависеть;-1
обреченный;-1
предостаточно;-1
подумать;-1
постоянный;-1
спец;-1
жадный;-1
пролистать;-1
решиться;-1
вещь;-1
конфетка;-1
голый;-1
палец;-1
сравнительно;-1
сравнить;-1
демократичный;-1
незабвенный;-1
перевернутый;-1
непонимать;-1
прописной;-1
тоскливо;-1
интеллигентный;-1
средневековый;-1
проникновенный;-1
убийственный;-1
перестроечный;-1
освоить;-1
солидный;-1
полый;-1
увлекаться;-1
нерезкий;-1
внятно;-1
книжный;-1
внушать;-1
наслышанный;-1
избалованный;-1
поменять;-1
нетипичный;-1
неблагодарный;-1
детски;-1
отключаться;-1
поиграть;-1
контраст;-1
беззаботный;-1
соответствовать;-1
угловатый;-1
дельный;-1
поддаваться;-1
засунуть;-1
припомнить;-1
цифровикий;-1
задумка;-1
перепрошивка;-1
пошаговый;-1
посильный;-1
намертво;-1
огромный;-1
дрянной;-1
неточно;-1
раскрученный;-1
бывать;-1
смелый;-1
смешить;-1
затянуть;-1
резиновый;-1
крутить;-1
краткий;-1
невеселый;-1
переключить;-1
цветастый;-1
ванный;-1
перепрошивать;-1
дочитать;-1
ненастоящий;-1
неподдельный;-1
сентиментальный;-1
класс;-1
далекий;-1
специальный;-1
наблюдать;-1
постараться;-1
натянутый;-1
всевозможный;-1
безразличный;-1
пишущий;-1
туда;-1
переписывать;-1
невиданный;-1
бескомпромиссный;-1
приедаться;-1
частенько;-1
периодически;-1
туповато;-1
элегантный;-1
смешанный;-1
морально;-1
запоминать;-1
летний;-1
меню;-1
беспокоиться;-1
мультяшный;-1
переданный;-1
миниатюрный;-1
мастерский;-1
заставляющий;-1
перемотка;-1
красивейший;-1
окружающий;-1
примерно;-1
добраться;-1
хвалить;-1
стеклянный;-1
удручающий;-1
незрелый;-1
придирка;-1
просматривать;-1
поздно;-1
хорошыя;-1
киношный;-1
аккумуляторный;-1
почему-то;-1
разобрать;-1
пожелеть;-1
снимать;-1
фотикий;-1
юзать;-1
замыленный;-1
недосказанный;-1
финальный;-1
эпохальный;-1
оптимистичный;-1
вспышка;-1
прочувствовать;-1
фокусировать;-1
искусственно;-1
невинный;-1
резвый;-1
домашний;-1
несправедливый;-1
сфоткать;-1
практический;-1
игрушка;-1
умилять;-1
закономерный;-1
гротескный;-1
безуспешный;-1
вовремя;-1
долгоиграющий;-1
нудятин;-1
теперешний;-1
недостойный;-1
технический;-1
ловить;-1
бюджетный;-1
трагично;-1
неземной;-1
неаккуратный;-1
безобидный;-1
тошно;-1
нетрадиционный;-1
текущий;-1
детективный;-1
гнусный;-1
целый;-1
держать;-1
претенциозный;-1
удалить;-1
многослойный;-1
западать;-1
прорезиненный;-1
ценовой;-1
бесцельно;-1
фентезь;-1
криворукий;-1
душещипательный;-1
пыльный;-1
неожиданность;-1
даром;-1
лутший;-1
заядлый;-1
копаться;-1
музыкальный;-1
фоткай;-1
изначально;-1
благородный;-1
шаблон;-1
массовый;-1
экшн;-1
прихотливый;-1
скоростной;-1
изысканный;-1
топка;-1
облезть;-1
встроенный;-1
толк;-1
прогадать;-1
сниться;-1
успеть;-1
регулярно;-1
мучиться;-1
незаконченный;-1
прочитать;-1
душка;-1
верно;-1
продолжение;-1
несвойственный;-1
поначалу;-1
истинный;-1
высочайший;-1
расширенный;-1
категорически;-1
забыть;-1
ржать;-1
легендарный;-1
особый;-1
наиграться;-1
высокий;-1
умести;-1
бросаться;-1
некотрый;-1
благополучный;-1
невнимательный;-1
умирающий;-1
синий;-1
недалеко;-1
феерический;-1
скинуть;-1
лень;-1
установленный;-1
последующий;-1
сегодняшний;-1
смазываться;-1
сюда;-1
глянуть;-1
космический;-1
солидно;-1
офисный;-1
скачивать;-1
дыхание;-1
всетака;-1
фотать;-1
пересказывать;-1
необъятный;-1
функциональный;-1
умеющий;-1
приторный;-1
неисчерпаемый;-1
размеренный;-1
складно;-1
убедительно;-1
старомодный;-1
поистине;-1
серо;-1
наворот;-1
великоват;-1
холодный;-1
вытянуть;-1
пошловато;-1
медлительный;-1
пейзаж;-1
мудро;-1
гений;-1
длинно;-1
передергивать;-1
необразованный;-1
колоритно;-1
начитаться;-1
немаленький;-1
юмористический;-1
гнетущий;-1
переваривать;-1
затмевать;-1
гуманный;-1
перематывать;-1
верх;-1
стан;-1
справиться;-1
резкость;-1
наткнуться;-1
кратный;-1
нездоровый;-1
переходник;-1
занятно;-1
младший;-1
изза;-1
переход;-1
кровавый;-1
заинтересовать;-1
вероятно;-1
чуждый;-1
признанный;-1
тормозной;-1
незавершенный;-1
оочень;-1
тягостный;-1
кое-как;-1
рыдать;-1
веревочка;-1
достать;-1
цепкий;-1
сгодиться;-1
шумно;-1
обнаруженный;-1
неопределенный;-1
пересвечивать;-1
аутентичный;-1
смысловой;-1
перекликаться;-1
удобоваримый;-1
ухватистый;-1
единожды;-1
вставить;-1
набитый;-1
дольше;-1
наизнанку;-1
несущий;-1
живенько;-1
отключить;-1
орать;-1
по-своему;-1
вычурный;-1
чтото;-1
неделя;-1
неприемлемый;-1
безысходный;-1
автоматический;-1
мельчайший;-1
хэппи;-1
существующий;-1
притензие;-1
где-нибудь;-1
ооочень;-1
жанровый;-1
расчитывать;-1
клавый;-1
мелочный;-1
гарантированный;-1
развесистый;-1
уважать;-1
разок;-1
путный;-1
прошедший;-1
вылитый;-1
изюминка;-1
злободневный;-1
барахло;-1
осязаемый;-1
батарейный;-1
закрученный;-1
интригующий;-1
нарадоваться;-1
редкость;-1
фоткать;-1
символичный;-1
самый-самый;-1
зрелищный;-1
разряжаться;-1
плоховатый;-1
целостный;-1
выключаться;-1
эргономичный;-1
вежливый;-1
старший;-1
скукотища;-1
перепутать;-1
дешевенький;-1
очевидно;-1
многообразие;-1
гарантийный;-1
посему;-1
ниче;-1
радостно;-1
скучать;-1
постоянно;-1
эталон;-1
системный;-1
взахлеб;-1
фишка;-1
вникать;-1
краска;-1
внутренне;-1
успешный;-1
возникать;-1
поверить;-1
несовместимый;-1
просмотр;-1
защитный;-1
положенный;-1
однократный;-1
подсказать;-1
блистательный;-1
безошибочно;-1
выпускать;-1
свободный;-1
вобщий-то;-1
давненько;-1
упомянуть;-1
муторно;-1
ищущий;-1
жестоко;-1
ширпотреб;-1
записной;-1
втыкать;-1
неразумный;-1
крошечный;-1
неконтролируемый;-1
металический;-1
запутаться;-1
решающий;-1
проблемный;-1
злой;-1
непонимание;-1
поднимать;-1
выскальзывать;-1
внутренний;-1
подлинный;-1
одаренный;-1
звонкий;-1
внезапный;-1
поглубже;-1
куда-то;-1
различный;-1
передача;-1
непреодолимый;-1
проклятый;-1
терпеливый;-1
гланый;-1
нераскрытый;-1
отталкивающий;-1
поражаться;-1
лично;-1
порекомендовать;-1
фиолетовый;-1
наверно;-1
особенно;-1
ноль;-1
скукота;-1
теле;-1
особенность;-1
больше;-1
графический;-1
перепрошить;-1
обеспеченный;-1
останавливать;-1
щелкать;-1
чудо;-1
каждодневный;-1
запал;-1
вызывать;-1
завидный;-1
прорыв;-1
держаться;-1
придавать;-1
ироничный;-1
требоваться;-1
четкость;-1
клишированный;-1
веселенький;-1
инфантильный;-1
живописный;-1
поцарапаться;-1
образный;-1
малолетний;-1
фоткий;-1
мкий;-1
бессмыслица;-1
сдержанный;-1
дружественный;-1
треснуть;-1
ненапряжной;-1
перезагружать;-1
браться;-1
тронуть;-1
молчать;-1
прямо;-1
дергать;-1
нестрашно;-1
официальный;-1
безоговорочно;-1
неумолимый;-1
лечь;-1
перечеркивать;-1
малопонятный;-1
неотделимый;-1
экстремальный;-1
итого;-1
высосанный;-1
просмотреть;-1
физически;-1
голосовой;-1
вспоминаться;-1
загружать;-1
мелковатый;-1
отклеиться;-1
испорченный;-1
девичий;-1
обворожительный;-1
портретный;-1
раздутый;-1
путать;-1
грузиться;-1
серийный;-1
поравить;-1
филосовский;-1
напросто;-1
бесхитростный;-1
пьяный;-1
бессознательный;-1
позволять;-1
креативный;-1
многократный;-1
убиваемый;-1
желаемый;-1
отдаленно;-1
чрезвычайно;-1
надуманно;-1
трудновато;-1
болезненный;-1
депрессивно;-1
нестабильный;-1
прожорливый;-1
небо;-1
исчезать;-1
задний;-1
скопировать;-1
шуметь;-1
болтаться;-1
отдаленный;-1
писклявый;-1
дружить;-1
тотальный;-1
удаваться;-1
дурак;-1
простить;-1
погонять;-1
перегружать;-1
оттого;-1
срочно;-1
прослезиться;-1
понять;-1
деловой;-1
недосягаемый;-1
приближать;-1
обрадовать;-1
неразрешимый;-1
шершавый;-1
параноидальный;-1
современный;-1
операторский;-1
лажовый;-1
положительно;-1
затасканный;-1
удовлетворительный;-1
решаться;-1
неосторожный;-1
безответственный;-1
черно;-1
заходить;-1
безвольный;-1
многофункциональный;-1
подойти;-1
хэппи-энд;-1
маркетинговый;-1
нетрудно;-1
сверхъестественный;-1
разбираться;-1
наигранно;-1
сильнейший;-1
пугаться;-1
неприятность;-1
ниочий;-1
безыскусный;-1
неправда;-1
уронить;-1
староватый;-1
запомнить;-1
изрядный;-1
пихать;-1
чернушный;-1
сухой;-1
законченный;-1
обиженный;-1
соседний;-1
голимый;-1
погружать;-1
вернуть;-1
запросто;-1
котрый;-1
психологически;-1
коммерческий;-1
невыразимый;-1
документальный;-1
сбоку;-1
выходной;-1
необитаемый;-1
стоить;-1
переодически;-1
менять;-1
взглянуть;-1
герметичный;-1
нестыковка;-1
вырезать;-1
перемещаться;-1
кинематографичный;-1
позиционировать;-1
выручать;-1
гадкий;-1
перебирать;-1
размазывать;-1
сумбурно;-1
поворот;-1
сторонка;-1
обойтись;-1
личный;-1
видать;-1
несравнимый;-1
убитый;-1
немочь;-1
благодатный;-1
больной;-1
одинокий;-1
переплачивать;-1
русски;-1
слезливый;-1
чтожа;-1
нудновато;-1
плыть;-1
остро;-1
огрех;-1
лирический;-1
полазить;-1
зачастую;-1
лежать;-1
отсутсвие;-1
сладкий;-1
просветленный;-1
шпионский;-1
прокатить;-1
сменный;-1
мистика;-1
туфта;-1
бальный;-1
собранный;-1
вдохновлять;-1
вызвать;-1
нескучный;-1
бросить;-1
верхний;-1
дата;-1
вынимать;-1
гадко;-1
по-добрый;-1
чертов;-1
нынешний;-1
этак;-1
безответный;-1
сокровенный;-1
непрофессиональный;-1
приходиться;-1
занятый;-1
канонический;-1
обладать;-1
непобедимый;-1
трезвый;-1
возникнуть;-1
встретить;-1
исправимый;-1
авторский;-1
поддерживать;-1
шокировать;-1
запихнуть;-1
нежность;-1
мыслящий;-1
вперемешку;-1
бомба;-1
утопический;-1
хитроумный;-1
крутиться;-1
показанный;-1
перелистывать;-1
действительно;-1
нарисованный;-1
дороговатый;-1
подобрать;-1
затертый;-1
бородатый;-1
сравнивать;-1
вписывать;-1
славно;-1
небесный;-1
метко;-1
тяжко;-1
подташнивать;-1
инструкция;-1
давний;-1
информация;-1
неточный;-1
смазаной;-1
чудно;-1
мобильник;-1
подростковый;-1
ярчайший;-1
давящий;-1
безвыходный;-1
самобытный;-1
долгий;-1
талантливый;-1
походить;-1
мелькать;-1
реализм;-1
неизбитый;-1
бить;-1
ходячий;-1
панорамный;-1
гаснуть;-1
полный;-1
штучка;-1
сожалеть;-1
отнять;-1
перерослый;-1
подсознательный;-1
рано;-1
электронный;-1
малоинтересный;-1
заслуженный;-1
сущий;-1
упорно;-1
несказанно;-1
несуразность;-1
открываться;-1
тухлый;-1
неумный;-1
проигрывать;-1
незаконченность;-1
вообще-то;-1
глубокомысленный;-1
организованный;-1
непродолжительный;-1
бытовой;-1
упустить;-1
мутно;-1
беспроигрышный;-1
муторный;-1
мифологический;-1
передающий;-1
мультик;-1
обычно;-1
натужный;-1
интересовать;-1
надежно;-1
психоделичный;-1
глуповатый;-1
сочувствовать;-1
посидеть;-1
передумать;-1
уловить;-1
переступить;-1
неуловимый;-1
сохраняться;-1
глядеть;-1
исписаться;-1
перспективный;-1
мегапиксельный;-1
доходить;-1
комичный;-1
найтись;-1
растягивать;-1
обратный;-1
зачетный;-1
поймать;-1
наилучший;-1
телесный;-1
выключиться;-1
водонепроницаемый;-1
сериальный;-1
долговечный;-1
виртуозно;-1
смарт;-1
тоска;-1
самсунговский;-1
помощнее;-1
сплошь;-1
буквально;-1
экономить;-1
русский;-1
бесчувственный;-1
дивный;-1
жутковато;-1
порадоваться;-1
понятие;-1
папка;-1
покупать;-1
сопоставимый;-1
повлиять;-1
автономный;-1
разряд;-1
сливаться;-1
профи;-1
горячий;-1
тщательный;-1
глубочайший;-1
включиться;-1
кое-где;-1
присоединять;-1
перерастать;-1
постепенно;-1
неприличие;-1
непременный;-1
целомудренный;-1
берет;-1
убегать;-1
програмный;-1
перепетие;-1
ничтожный;-1
безыдейный;-1
хохотать;-1
добить;-1
делаться;-1
веселить;-1
пробрать;-1
верить;-1
былой;-1
лесбийский;-1
трястись;-1
ставить;-1
согласиться;-1
меняться;-1
вырасти;-1
суперские;-1
загадочный;-1
испытывать;-1
многоплановый;-1
выкидывать;-1
осознанно;-1
традиционный;-1
норовить;-1
ответственный;-1
полениться;-1
атмосферность;-1
подсказка;-1
сухо;-1
будущий;-1
намеренно;-1
выверенный;-1
опять-таки;-1
возвышенный;-1
беспрестанный;-1
темноватый;-1
выносливый;-1
пахать;-1
грусть;-1
ожидание;-1
отметать;-1
дальнейший;-1
неисправимый;-1
автобиографический;-1
сыро;-1
символический;-1
оторванный;-1
ярый;-1
функционать;-1
нажатие;-1
рефлексирующий;-1
царапаться;-1
видеть;-1
посоветовать;-1
засвечивать;-1
оригинальность;-1
механический;-1
рассчитывать;-1
дающий;-1
пассивный;-1
грязь;-1
иначе;-1
выкл;-1
переварить;-1
испортиться;-1
скверный;-1
сесть;-1
умещаться;-1
неуемный;-1
легкость;-1
помещаться;-1
мастерски;-1
иронично;-1
переключиться;-1
мертвый;-1
помереть;-1
молоденький;-1
издевательство;-1
шнурок;-1
извечный;-1
немножечко;-1
перебрать;-1
трэш;-1
незащищенный;-1
цинично;-1
меркнуть;-1
фантастика;-1
тормознуть;-1
заявленный;-1
импонировать;-1
однообразие;-1
головной;-1
легкомысленный;-1
дома;-1
увидеть;-1
отвращение;-1
дойти;-1
неродной;-1
пересказ;-1
энергоемкий;-1
пользовательский;-1
оооочень;-1
неимение;-1
несчастливый;-1
затейливый;-1
повторно;-1
сворачивать;-1
серъезный;-1
параллельный;-1
непоколебимый;-1
псевдофилософский;-1
немотивированный;-1
пошлятина;-1
уснуть;-1
инопланетный;-1
заряд;-1
углубляться;-1
выключать;-1
нете;-1
черствый;-1
улыбка;-1
царапина;-1
раскрываться;-1
имиджевый;-1
штатный;-1
исправить;-1
поцарапать;-1
лицензионный;-1
естественно;-1
копейка;-1
программно;-1
показывать;-1
страдать;-1
характеристика;-1
вручную;-1
впечатленный;-1
девчачий;-1
русскоязычный;-1
магический;-1
напрягающий;-1
описание;-1
колоссальный;-1
фотография;-1
урывками;-1
плагиат;-1
светящийся;-1
доходчивый;-1
модов;-1
исправно;-1
подверженный;-1
поржать;-1
ассоциировать;-1
разжеванный;-1
отключать;-1
пасмурный;-1
улыбнуться;-1
достаточно;-1
глупость;-1
топовый;-1
обалдеть;-1
заскучать;-1
донельзя;-1
заменять;-1
жизнерадостный;-1
наслаждение;-1
наоборот;-1
биться;-1
сразу;-1
исчерпывающий;-1
саундтрек;-1
обрадоваться;-1
хлам;-1
пачкаться;-1
шутить;-1
детальный;-1
недостающий;-1
натяжка;-1
ложиться;-1
горько;-1
нелепость;-1
накрученный;-1
банальнейший;-1
типо;-1
горизонтальный;-1
позже;-1
потратить;-1
ударопрочный;-1
объяснимый;-1
гоняться;-1
сдавать;-1
обоснованный;-1
знаменитый;-1
частично;-1
кардинальный;-1
чудовищно;-1
драматический;-1
расстраивать;-1
периодический;-1
доделанный;-1
торчать;-1
переплести;-1
безмозглый;-1
недосказанность;-1
ключевой;-1
отображать;-1
безнравственный;-1
кричащий;-1
истинно;-1
поменьше;-1
судить;-1
серия;-1
заботливый;-1
неотъемлемый;-1
посмеяться;-1
безрадостный;-1
именитый;-1
изобретательный;-1
сперва;-1
деньги;-1
вязаться;-1
жанр;-1
автофокус;-1
улавливать;-1
филигранный;-1
вдумываться;-1
путанный;-1
ахинея;-1
смутить;-1
бойкий;-1
маловатый;-1
освещенный;-1
удалять;-1
вдруг;-1
исчезнуть;-1
стабильно;-1
анти;-1
ноша;-1
зайти;-1
разучиться;-1
заводской;-1
бесстрастный;-1
поискать;-1
зубодробительный;-1
нереальность;-1
душераздирающий;-1
врядли;-1
отвлечься;-1
наглядный;-1
масштабный;-1
лукавый;-1
нестареющий;-1
рвотный;-1
пробирать;-1
лихо;-1
смутный;-1
машинка;-1
потомучто;-1
невольный;-1
чайник;-1
психологичный;-1
дрожать;-1
профессионал;-1
псевдоисторический;-1
прорисовка;-1
уместно;-1
американский;-1
буквальный;-1
присмотреться;-1
следовать;-1
антиутопия;-1
скомканный;-1
откидной;-1
невредимый;-1
провинциальный;-1
отдохнуть;-1
наклеить;-1
заодно;-1
слизанный;-1
перенос;-1
стилусый;-1
светить;-1
настраиваемый;-1
неизбывный;-1
вообще;-1
неизведанный;-1
заворожить;-1
прочно;-1
перемотать;-1
штука;-1
сюрреалистический;-1
писаться;-1
динамика;-1
мечтать;-1
суховато;-1
отличительный;-1
почем;-1
донести;-1
исключать;-1
использование;-1
завязка;-1
матерный;-1
привередливый;-1
устроенный;-1
неочевидный;-1
исходный;-1
низкокачественный;-1
переноситься;-1
старичок;-1
удивлять;-1
чувство;-1
рассматривать;-1
многосерийный;-1
кристальный;-1
следующий;-1
мыльница;-1
повторный;-1
придумывать;-1
скоротать;-1
броский;-1
безжизненный;-1
нежелание;-1
входить;-1
любовный;-1
потусторонний;-1
пронять;-1
бессюжетный;-1
страстной;-1
напрячь;-1
шампанский;-1
вчера;-1
двойной;-1
пробывать;-1
драгоценный;-1
бесстрашный;-1
грешить;-1
переспать;-1
нарекание;-1
чесно;-1
переломный;-1
сотовый;-1
клавиша;-1
антураж;-1
оценить;-1
мылить;-1
жвачка;-1
гораздо;-1
маловероятный;-1
необоснованный;-1
крайне;-1
уютно;-1
подсесть;-1
открывать;-1
насыщенность;-1
призванный;-1
заводский;-1
созвучный;-1
нищий;-1
переиграть;-1
самоуверенный;-1
вульгарный;-1
повторять;-1
переполненный;-1
висеть;-1
снова;-1
бескрайний;-1
ацтой;-1
никак;-1
напоследок;-1
гордо;-1
вырубаться;-1
имеющий;-1
ломать;-1
позитив;-1
переосмыслить;-1
стареть;-1
отрабатывать;-1
затруднительно;-1
описывать;-1
зрение;-1
вставленный;-1
поднять;-1
зарядный;-1
нервировать;-1
оптический;-1
лестный;-1
проникаться;-1
всеять;-1
несостыковка;-1
метафоричный;-1
включить;-1
нарочито;-1
рульный;-1
вышеупомянутый;-1
ракурс;-1
эмоция;-1
безрассудный;-1
отвлекать;-1
искажение;-1
снять;-1
недоразумение;-1
знать;-1
представлять;-1
вечерком;-1
грузить;-1
бесчеловечный;-1
услышать;-1
счастье;-1
сюжетец;-1
притягивать;-1
смочь;-1
непосредственность;-1
циничный;-1
зрелый;-1
добавлять;-1
заглючить;-1
звук;-1
прыгать;-1
перерождение;-1
натуралистичный;-1
проги;-1
совершенство;-1
вялотекущий;-1
почувствовать;-1
скрип;-1
чуствительный;-1
бликовать;-1
ординарный;-1
потаенный;-1
стоп;-1
втянуться;-1
банальщин;-1
сенсорный;-1
сложиться;-1
приходить;-1
переплатить;-1
претендовать;-1
совковый;-1
сходить;-1
белый;-1
изображение;-1
нулевой;-1
придуманный;-1
потихоньку;-1
желей;-1
своевременный;-1
вселенский;-1
изменять;-1
духом;-1
утрированный;-1
эффект;-1
лицемерный;-1
абстрактный;-1
ноготь;-1
мизерный;-1
собирательный;-1
понимающий;-1
животрепещущий;-1
потуга;-1
словарь;-1
пылиться;-1
интересоваться;-1
пожилой;-1
болтовня;-1
кнопочный;-1
получать;-1
ужастик;-1
гамма;-1
вянуть;-1
позволить;-1
меткий;-1
претензия;-1
неуважение;-1
витиеватый;-1
сниматься;-1
бессильный;-1
случать;-1
вышеперечисленный;-1
продажа;-1
необязательный;-1
помягче;-1
убрать;-1
устройство;-1
чрезмерно;-1
отнюдь;-1
интерфейс;-1
единственный;-1
печатный;-1
подводный;-1
похабный;-1
случиться;-1
мелко;-1
экзистенциальный;-1
мощнейший;-1
заключительный;-1
постперестроечный;-1
перерыть;-1
притянутый;-1
нажать;-1
моральный;-1
деликатный;-1
созданный;-1
титр;-1
выдвижной;-1
автомобильный;-1
страшновато;-1
захотеть;-1
пластиковый;-1
озорной;-1
шлак;-1
порочный;-1
непутевый;-1
широкоформатный;-1
автоматически;-1
ежедневно;-1
подручный;-1
несуществующий;-1
спешить;-1
установка;-1
багов;-1
пародийный;-1
едкий;-1
дотошный;-1
отвлекаться;-1
следущий;-1
старательный;-1
повтор;-1
подмеченный;-1
сочетание;-1
всеже;-1
доработанный;-1
плюшевый;-1
вкупе;-1
наивысший;-1
аааа;-1
смириться;-1
молодежный;-1
подвисать;-1
неприятие;-1
подлежать;-1
английский;-1
востребованный;-1
всерьез;-1
торопиться;-1
доводить;-1
напрасный;-1
отчаянный;-1
напряг;-1
бррр;-1
делать;-1
удручать;-1
пейзажный;-1
переполнять;-1
ранять;-1
созерцательный;-1
материал;-1
годами;-1
запущенный;-1
специально;-1
отказать;-1
расчитанный;-1
научный;-1
дядька;-1
нуждаться;-1
умудриться;-1
завязанный;-1
недаром;-1
переоцененный;-1
негромкий;-1
напоминание;-1
деревенский;-1
воспользоваться;-1
земной;-1
юмор;-1
формальный;-1
сидеть;-1
разовый;-1
пойти;-1
неоднозначность;-1
облазить;-1
вынуть;-1
парить;-1
перевоплощение;-1
реветь;-1
совкий;-1
непонятый;-1
затянутость;-1
тягучий;-1
чехол;-1
недобрый;-1
доброта;-1
ослепительный;-1
отказывать;-1
съемный;-1
бесполезность;-1
вопиющий;-1
вытаскивать;-1
отвалиться;-1
напоминать;-1
издавать;-1
псевдонаучный;-1
экранный;-1
пластика;-1
какой-никакой;-1
пугающий;-1
кожаный;-1
наполненный;-1
относительно;-1
причудливый;-1
сценарист;-1
сервисный;-1
переработанный;-1
первоначальный;-1
недопустимый;-1
когда;-1
дергаться;-1
выигрывать;-1
кровожадный;-1
первобытный;-1
снимок;-1
покидать;-1
бегом;-1
действующий;-1
слетать;-1
несостоявшийся;-1
чужой;-1
по-женски;-1
потерять;-1
облегчать;-1
побыстрее;-1
неспешность;-1
путаться;-1
царапинка;-1
наснимать;-1
ужаснуться;-1
агрессивный;-1
замечательнейший;-1
поплакать;-1
неотрывать;-1
ненадо;-1
сценарный;-1
пересекаться;-1
оставить;-1
изощренный;-1
житейский;-1
по-американски;-1
надрыв;-1
содержательный;-1
намудрить;-1
водиться;-1
восхитить;-1
вплоть;-1
прошлый;-1
доиграть;-1
разбить;-1
вкладывать;-1
восхищение;-1
копировать;-1
разрешение;-1
давным;-1
объектив;-1
заедать;-1
абсурдно;-1
дизайнерский;-1
интелектуальный;-1
гонять;-1
сажать;-1
иногда;-1
видеоролик;-1
замкнутый;-1
походный;-1
порядочный;-1
разносторонний;-1
возможность;-1
локальный;-1
ежедневный;-1
лихой;-1
воткнуть;-1
по-крайний;-1
дура;-1
позитивно;-1
часовой;-1
широко;-1
аннотация;-1
общечеловеческий;-1
неоднократный;-1
неравномерный;-1
неотвратимый;-1
типаж;-1
подобный;-1
снаружи;-1
выбросить;-1
фентезийный;-1
приблизительно;-1
принести;-1
дешевле;-1
улучшать;-1
помеха;-1
кричать;-1
отметить;-1
обойти;-1
авантюрный;-1
наворачивать;-1
разряжать;-1
монументальный;-1
напихать;-1
переплетать;-1
скатывать;-1
традиционно;-1
забивать;-1
вряд;-1
достоинство;-1
сполна;-1
стерео;-1
разваливать;-1
повернуть;-1
вжиться;-1
навязывать;-1
нелепица;-1
передвижение;-1
меняла;-1
эксцентричный;-1
снятый;-1
эгоистичный;-1
вспомнить;-1
соображать;-1
выявить;-1
соседский;-1
главгерой;-1
внешний;-1
феноменальный;-1
приложить;-1
непонятка;-1
восторгаться;-1
уйти;-1
стандарт;-1
справедливый;-1
производить;-1
пожелать;-1
нелюбовь;-1
провисать;-1
иррациональный;-1
отражаться;-1
вероятный;-1
конечный;-1
переживание;-1
показательный;-1
тоесть;-1
пускать;-1
офигенно;-1
прохожий;-1
понимать;-1
скучающий;-1
беспринципный;-1
мокрый;-1
совместимый;-1
приспособиться;-1
рваный;-1
относить;-1
прохладный;-1
избежать;-1
путевой;-1
шнур;-1
поэтичный;-1
жаркий;-1
рядом;-1
тончайший;-1
пропустить;-1
вспомниться;-1
достоверный;-1
войти;-1
сетевой;-1
взбесить;-1
слюни;-1
ощутить;-1
сохранять;-1
режим;-1
нарочитый;-1
звонить;-1
главный;-1
увлеченный;-1
мыло;-1
железный;-1
учитывать;-1
бессмысленность;-1
свобода;-1
открыть;-1
родственный;-1
трепетный;-1
исключение;-1
социальный;-1
глюкнуть;-1
обещанный;-1
непроизвольный;-1
гладкий;-1
слышимый;-1
клюнуть;-1
английски;-1
фактически;-1
отрубать;-1
постмодернистский;-1
размышлять;-1
нагружать;-1
пафосно;-1
зевать;-1
неувязка;-1
осознанный;-1
кровный;-1
отображаться;-1
функция;-1
переосмысление;-1
глубина;-1
достаться;-1
адский;-1
униженный;-1
выцветать;-1
утопить;-1
семейный;-1
читавший;-1
админ;-1
завтра;-1
хавать;-1
спасти;-1
очень;-1
убивание;-1
упоминать;-1
бесследно;-1
настройка;-1
лайн;-1
голубой;-1
платить;-1
устаревать;-1
аляповатый;-1
ближайший;-1
литературный;-1
справляться;-1
сбиваться;-1
подарить;-1
морализаторский;-1
рука;-1
чарующий;-1
пространный;-1
беззвучно;-1
заляпывать;-1
привлекать;-1
вслух;-1
мина;-1
недостоверный;-1
мечта;-1
компактный;-1
несъемный;-1
заплакать;-1
воистину;-1
прописанный;-1
наскучить;-1
знание;-1
подальше;-1
материнский;-1
набрать;-1
стрелялка;-1
акумулятор;-1
весьма;-1
переписать;-1
старинный;-1
глаз;-1
ничего;-1
трясти;-1
динамический;-1
словесный;-1
насиловать;-1
заранее;-1
батальный;-1
подтормаживать;-1
аналог;-1
самоирония;-1
предварительный;-1
желающий;-1
расширять;-1
мучение;-1
бездонный;-1
проф;-1
оставляющий;-1
мелодраматический;-1
сатира;-1
ненайти;-1
восхищаться;-1
разрядка;-1
ближний;-1
пластилиновый;-1
пищать;-1
перестрелка;-1
спать;-1
первоклассный;-1
впихнуть;-1
послевкусие;-1
насмотреться;-1
неустроенный;-1
падать;-1
престижный;-1
обмануть;-1
иронический;-1
блокбастер;-1
низменный;-1
изменить;-1
экранизировать;-1
высокопарный;-1
доскональный;-1
сэкономить;-1
нечетко;-1
впервые;-1
безвыходность;-1
рассчитанный;-1
выворачивать;-1
интриговать;-1
посерьезнее;-1
променять;-1
прощать;-1
клавиатура;-1
немедленно;-1
позор;-1
давным-давно;-1
прилагать;-1
горе;-1
квинтэссенция;-1
безнадега;-1
намек;-1
рецензия;-1
загляденье;-1
перекидывать;-1
назойливый;-1
ранимый;-1
ханжа;-1
сатирический;-1
топорно;-1
терпеть;-1
фокусный;-1
аккум;-1
совпадать;-1
объем;-1
дизаин;-1
задел;-1
сметь;-1
нервничать;-1
ездить;-1
покупка;-1
пропитанный;-1
подождать;-1
вываливать;-1
предсказуемость;-1
реалистичность;-1
вставка;-1
заблудиться;-1
гламур;-1
малозаметный;-1
кушать;-1
мега;-1
превращаться;-1
вдвоем;-1
залипать;-1
неприкаянный;-1
промахиваться;-1
ненапряжно;-1
задница;-1
похотливый;-1
навевать;-1
скорость;-1
кровища;-1
неудачник;-1
рекламировать;-1
немец;-1
заработать;-1
восклицательный;-1
зарядить;-1
удовлетворить;-1
комент;-1
родимый;-1
истеричный;-1
выделять;-1
секундный;-1
волновать;-1
вставать;-1
кирпич;-1
кобыла;-1
учить;-1
негарантийный;-1
поздний;-1
автобиографичный;-1
галимый;-1
промолчать;-1
эстетично;-1
снисходительный;-1
поподробнее;-1
гибкий;-1
поспорить;-1
выпадать;-1
нечестно;-1
маниакальный;-1
расплакаться;-1
физиологический;-1
развернутый;-1
сетка;-1
фактический;-1
наркоманский;-1
последовательный;-1
упасть;-1
кол-во;-1
воспроизводить;-1
кусок;-1
революционный;-1
информационный;-1
библейский;-1
вкратце;-1
развалиться;-1
портиться;-1
пустышка;-1
слащавость;-1
стоять;-1
высота;-1
смех;-1
брезгливый;-1
вникнуть;-1
учиться;-1
досадно;-1
сонький;-1
дышать;-1
нисколько;-1
неистовый;-1
опять;-1
тухнуть;-1
сколько;-1
нравственный;-1
ненапряжный;-1
токо;-1
заснуть;-1
зарядник;-1
несчетный;-1
напряженно;-1
фатальный;-1
звучащий;-1
негативно;-1
красавец;-1
пробегать;-1
предустановленный;-1
наполовину;-1
стопроцентный;-1
устроить;-1
впечатляющий;-1
мочить;-1
психоделический;-1
догадываться;-1
ненасытный;-1
логика;-1
небезынтересный;-1
психологический;-1
непомерный;-1
влезать;-1
вымышленный;-1
металл;-1
полочка;-1
неинтуитивный;-1
гонкий;-1
привязанный;-1
примитив;-1
героический;-1
деталь;-1
растрогать;-1
прятаться;-1
беспечный;-1
файловый;-1
узнать;-1
позавидовать;-1
уличный;-1
реклама;-1
виденный;-1
несжатый;-1
халява;-1
отсталый;-1
простодушный;-1
галочка;-1
наводить;-1
стилистический;-1
видеокамера;-1
плевать;-1
пиратский;-1
изучить;-1
улыбчивый;-1
придти;-1
гомосексуальный;-1
избавиться;-1
относительный;-1
личностный;-1
перемена;-1
снотворный;-1
подержать;-1
накрыться;-1
люфт;-1
срубить;-1
капли;-1
вдохновенный;-1
следить;-1
второсортный;-1
смачно;-1
сбросить;-1
поснимать;-1
шататься;-1
уходить;-1
двигаться;-1
телек;-1
подряд;-1
пронизанный;-1
пересказать;-1
больший;-1
понести;-1
жизнеутверждающе;-1
стесняться;-1
сердито;-1
чего;-1
чайный;-1
нехарактерный;-1
задавать;-1
выскакивать;-1
переснять;-1
обходиться;-1
захватить;-1
концовка;-1
пыль;-1
сжатый;-1
тихий;-1
проходить;-1
заглянуть;-1
экономный;-1
книжка;-1
сбрасывать;-1
выдать;-1
вредно;-1
хлюпкий;-1
суперская;-1
патриотичный;-1
выбирать;-1
вредный;-1
фонтан;-1
вводной;-1
выдержка;-1
глянец;-1
викторианский;-1
вдвойне;-1
рвать;-1
покопаться;-1
несовершенство;-1
величественный;-1
максимальный;-1
мясной;-1
рафинированный;-1
отталкивать;-1
громадный;-1
платный;-1
подпортить;-1
рассудительный;-1
перевернуться;-1
интерестно;-1
плавать;-1
безумство;-1
позволяющий;-1
отнести;-1
выискивать;-1
по-разному;-1
кошмарно;-1
фантастичный;-1
гомерический;-1
постарше;-1
завершенный;-1
ругаться;-1
чтиво;-1
практично;-1
внутрь;-1
помниться;-1
застывший;-1
проч;-1
просыпать;-1
обильно;-1
кабель;-1
удерживать;-1
значить;-1
вертикальный;-1
поиграться;-1
сказываться;-1
искать;-1
общепринятый;-1
заслуженно;-1
хрестоматийный;-1
бабка;-1
расчетливый;-1
скрупулезный;-1
хромой;-1
немытый;-1
раскрывать;-1
противоестественный;-1
расстояние;-1
алюминиевый;-1
вместе;-1
решаемый;-1
мысленно;-1
происходить;-1
безглючный;-1
разноплановый;-1
недопустимо;-1
операционный;-1
беззаветный;-1
запасной;-1
стареющий;-1
бяка;-1
светосила;-1
составлять;-1
ролик;-1
калька;-1
энергичный;-1
умереть;-1
съемка;-1
как-никак;-1
избыточный;-1
компьютер;-1
промахнуться;-1
безнадежность;-1
непредсказуемость;-1
неровно;-1
ожидаемый;-1
пушистый;-1
отлиный;-1
сознательный;-1
холодно;-1
мерзость;-1
ехидный;-1
красноречивый;-1
думаться;-1
узнавать;-1
номер;-1
спасибо;-1
здешний;-1
суждено;-1
немногочисленный;-1
непривычка;-1
небезызвестный;-1
индикация;-1
страшненький;-1
персональный;-1
клон;-1
вписаться;-1
попасть;-1
давать;-1
мимоходом;-1
разумно;-1
малошумный;-1
искусно;-1
лениться;-1
непристойный;-1
советский;-1
переделка;-1
добивать;-1
целик;-1
надпись;-1
небывалый;-1
киберпанк;-1
угнетать;-1
оригинал;-1
технически;-1
прежний;-1
закрывать;-1
разбитый;-1
сотворить;-1
мегапиксель;-1
гигов;-1
дословно;-1
грешный;-1
вспоминать;-1
показатель;-1
неудовлетворительный;-1
тупизм;-1
перегиб;-1
хорошенько;-1
недооцененный;-1
многозадачный;-1
сопереживание;-1
убежденный;-1
кстати;-1
сочетать;-1
предупреждать;-1
навигационный;-1
ловко;-1
здоровенный;-1
открыться;-1
биографический;-1
недоумевать;-1
оценивать;-1
гениальнейший;-1
тоже;-1
настроенный;-1
задеть;-1
ремешок;-1
крылатый;-1
проверить;-1
невиновный;-1
биологический;-1
слезать;-1
чутко;-1
выпустить;-1
грандиозный;-1
зума;-1
трата;-1
скептически;-1
мирный;-1
конкуренция;-1
замученный;-1
безразлично;-1
отключиться;-1
произвести;-1
речевой;-1
дибильный;-1
восприятие;-1
европейский;-1
попса;-1
временной;-1
плюнуть;-1
подозрительный;-1
пленочный;-1
безразличие;-1
заглядывать;-1
девайс;-1
прожить;-1
вернуться;-1
картинный;-1
испоганить;-1
программа;-1
учесть;-1
анимированный;-1
отличить;-1
завышенный;-1
жутчайший;-1
разом;-1
послушный;-1
отклеиваться;-1
экономичный;-1
приложение;-1
античный;-1
несовершеннолетний;-1
перегибать;-1
чинить;-1
тушка;-1
наверное;-1
пересилить;-1
начитанный;-1
убавить;-1
вешь;-1
фотоаппарат;-1
почаще;-1
вниз;-1
злодейский;-1
выявленный;-1
поработать;-1
наверняка;-1
бросать;-1
дважды;-1
цепляться;-1
вырубиться;-1
песня;-1
категоричный;-1
дорогущий;-1
программный;-1
переть;-1
затираться;-1
комплектация;-1
превосходящий;-1
слепнуть;-1
образчик;-1
новаторский;-1
пустынный;-1
мгновенный;-1
эталонный;-1
чернокожий;-1
обывательский;-1
текст;-1
сродни;-1
заказной;-1
световой;-1
аппаратик;-1
губить;-1
замирать;-1
сдать;-1
перечесть;-1
искренность;-1
слеза;-1
волнующий;-1
решенный;-1
нечисть;-1
плохонький;-1
маргинальный;-1
достаток;-1
проницательный;-1
заплатить;-1
незримый;-1
побочный;-1
задолбать;-1
богатенький;-1
играться;-1
создаться;-1
полезть;-1
очарованный;-1
несусветной;-1
саркастический;-1
аудио;-1
различимый;-1
моделек;-1
комический;-1
густой;-1
мини;-1
прошить;-1
извращенный;-1
доверять;-1
сбыться;-1
скорый;-1
пристрастный;-1
полет;-1
сколь;-1
прикупить;-1
стабильный;-1
посередине;-1
проявляться;-1
отечественный;-1
пользовать;-1
постареть;-1
недолюбливать;-1
смотрибельный;-1
пара-тройка;-1
концентрированный;-1
отраженный;-1
фотографировать;-1
смачный;-1
убить;-1
вот-вот;-1
подвижной;-1
способствовать;-1
обнаруживать;-1
глубинный;-1
ржачный;-1
морской;-1
записать;-1
упрямый;-1
почтенный;-1
смазливый;-1
тесно;-1
определить;-1
порнуха;-1
бракованый;-1
приводить;-1
перманентный;-1
взрослеть;-1
откуда;-1
головокружительный;-1
снизу;-1
говно;-1
нерабочий;-1
вышесказанный;-1
кинуть;-1
тактильный;-1
обратить;-1
связываться;-1
моск;-1
пафос;-1
перепробовать;-1
вольный;-1
подстраивать;-1
фотограф;-1
доставлять;-1
запчасти;-1
автофокусировка;-1
буржуазный;-1
болтать;-1
задорный;-1
установочный;-1
скрывать;-1
пленка;-1
малобюджетный;-1
зверь;-1
м-да;-1
занудливый;-1
поменяться;-1
образцовый;-1
карточный;-1
мимика;-1
доставить;-1
красота;-1
зернистость;-1
думать;-1
сквозной;-1
минимум;-1
запой;-1
спорый;-1
перекличка;-1
причем;-1
диван;-1
гуманистический;-1
фичать;-1
обрывать;-1
управляющий;-1
общеизвестный;-1
скандинавский;-1
гангстерский;-1
идеологический;-1
загадка;-1
юморок;-1
пустота;-1
разговаривать;-1
разложенный;-1
придурок;-1
благой;-1
зацикливаться;-1
неравный;-1
неправо;-1
удовлетворять;-1
разительный;-1
вынести;-1
вытянутый;-1
загробный;-1
счесть;-1
просто-напросто;-1
непрофессионал;-1
равномерный;-1
несвязный;-1
медитативный;-1
подход;-1
улучшенный;-1
разгадывать;-1
напыщенный;-1
стройный;-1
бездна;-1
разрядиться;-1
целевой;-1
сечь;-1
дешевка;-1
обеспечение;-1
исключительно;-1
плоховато;-1
однообразность;-1
лицо;-1
разборчивый;-1
подсветка;-1
несметный;-1
элегантно;-1
разбирать;-1
подборка;-1
напичканный;-1
отдать;-1
пестрый;-1
задуматся;-1
динамичность;-1
подлый;-1
умерший;-1
потом;-1
заинтриговать;-1
топить;-1
создавать;-1
жила;-1
блютусый;-1
недетский;-1
украсть;-1
превеликий;-1
маркий;-1
несуразный;-1
горный;-1
сытый;-1
центральный;-1
театральный;-1
всяко;-1
сократить;-1
приловчиться;-1
насколько;-1
халявный;-1
дырка;-1
вылазить;-1
метать;-1
бурный;-1
детализация;-1
воротить;-1
сказочка;-1
нескользящий;-1
дива;-1
засвеченный;-1
питерский;-1
катушка;-1
монстр;-1
пошлость;-1
стабилизатор;-1
играбельный;-1
беспредельный;-1
непостоянный;-1
тормоз;-1
вымученный;-1
непрочный;-1
облегченный;-1
весить;-1
зарядка;-1
драйв;-1
ловкий;-1
неинформативный;-1
реалистический;-1
кончить;-1
навести;-1
увлечься;-1
тревожный;-1
языческий;-1
фильмецо;-1
большой;-1
оперативный;-1
беда;-1
зацепиться;-1
редчайший;-1
напряжение;-1
огромнейший;-1
проходимый;-1
стремительный;-1
неоригинальный;-1
матрица;-1
болеть;-1
лихва;-1
обилие;-1
заточенный;-1
забыться;-1
чернуха;-1
передвигать;-1
вечерний;-1
довестись;-1
монолитный;-1
улучшить;-1
модель;-1
шторка;-1
неизбежность;-1
зрелищно;-1
шустренький;-1
сонный;-1
клюква;-1
попадать;-1
выключение;-1
демонический;-1
мужественный;-1
освещение;-1
отчаянно;-1
корпус;-1
наповал;-1
барахлить;-1
костюмированный;-1
эстетичный;-1
стараться;-1
невинно;-1
нетребовательный;-1
переключатель;-1
лагать;-1
скатиться;-1
впадать;-1
клеить;-1
комментарий;-1
недоделка;-1
воображаемый;-1
двухсимочный;-1
психологизм;-1
лысый;-1
ошеломляющий;-1
выронить;-1
прятать;-1
выбор;-1
поддающийся;-1
панорама;-1
используемый;-1
строй;-1
правда;-1
угол;-1
молодой;-1
некритично;-1
проработка;-1
успокоиться;-1
безымянный;-1
мимолетный;-1
нагруженный;-1
полутон;-1
комплектный;-1
разговорный;-1
прожитый;-1
постельный;-1
угадывать;-1
таймер;-1
тратиться;-1
ориентация;-1
потереться;-1
деготь;-1
напрямую;-1
цепляющий;-1
поднадоесть;-1
восхищенный;-1
мысленный;-1
безмерный;-1
вешать;-1
вверх;-1
книжечка;-1
продажный;-1
уйма;-1
присест;-1
красить;-1
признавать;-1
ограничение;-1
вариация;-1
повторяющийся;-1
мало-мальски;-1
пессимистичный;-1
негр;-1
воспоминание;-1
сказаться;-1
удаляться;-1
творить;-1
беспокойный;-1
повторить;-1
написанный;-1
псих;-1
максимум;-1
подавно;-1
отцовский;-1
число;-1
производственный;-1
бывший;-1
плач;-1
жечь;-1
красивенький;-1
беспредел;-1
вдуматься;-1
подземный;-1
заставить;-1
добропорядочный;-1
аккамулятор;-1
рассказать;-1
заметать;-1
неотключаемый;-1
банальность;-1
незамутненный;-1
закрыть;-1
настойчивый;-1
смазывать;-1
оборотный;-1
подороже;-1
детство;-1
предназначенный;-1
глюченный;-1
озвучка;-1
фокусировка;-1
длить;-1
фиксировать;-1
поковыряться;-1
завлекательный;-1
коробить;-1
сказать;-1
бесповоротный;-1
коментарие;-1
взяться;-1
нираза;-1
вонючий;-1
диктофон;-1
жертвенный;-1
мысль;-1
безлимитный;-1
ненапрягающий;-1
круглый;-1
по-русски;-1
текстовой;-1
томный;-1
поговорить;-1
течь;-1
заведомый;-1
нешуточный;-1
посвящаться;-1
корейский;-1
невыполнимый;-1
уверенность;-1
оличный;-1
поддержка;-1
мелькнуть;-1
подкупить;-1
факт;-1
сталкиваться;-1
греться;-1
безделье;-1
развлечь;-1
закончить;-1
наравне;-1
замочить;-1
крепление;-1
отсутствие;-1
неприязнь;-1
раздельный;-1
снести;-1
смотриться;-1
отсюда;-1
единственый;-1
нагло;-1
звездный;-1
запихать;-1
насквозь;-1
блаженный;-1
подобие;-1
плывущий;-1
задорно;-1
натужно;-1
мультимедийный;-1
завидно;-1
превращать;-1
абсурд;-1
полететь;-1
прискорбный;-1
встречаться;-1
фонарь;-1
халтурный;-1
потому;-1
азиатский;-1
кусаться;-1
размышление;-1
лазать;-1
диск;-1
рисованный;-1
ожить;-1
расстраиваться;-1
посмеиться;-1
опус;-1
иметься;-1
эпизодический;-1
грех;-1
материальный;-1
неуязвимый;-1
сеять;-1
очаровательно;-1
флеха;-1
нечестный;-1
ломкий;-1
трагический;-1
залезть;-1
закончиться;-1
вскользь;-1
поскрипывать;-1
переключение;-1
перелистнуть;-1
оговориться;-1
поучиться;-1
фраза;-1
переводчица;-1
ненароком;-1
беготня;-1
облом;-1
интелект;-1
немаркий;-1
неделька;-1
полюбившийся;-1
файл;-1
воспитанный;-1
современый;-1
привычка;-1
мануал;-1
наглядно;-1
прикрытый;-1
балл;-1
всюду;-1
экстравагантный;-1
дождливый;-1
гипертрофированный;-1
испытание;-1
включение;-1
вступительный;-1
степень;-1
отпасть;-1
впустую;-1
повториться;-1
немногословный;-1
обнаружиться;-1
дурь;-1
зашкаливать;-1
подниматься;-1
непригодный;-1
составить;-1
инструмент;-1
прямо-таки;-1
агитка;-1
переложение;-1
приправленный;-1
концептуальный;-1
дожить;-1
фарс;-1
плинтус;-1
тройной;-1
похвальный;-1
головоломка;-1
рисковать;-1
прошивка;-1
неисправный;-1
браковать;-1
набожный;-1
жевать;-1
преимущество;-1
достигнуть;-1
досмотреть;-1
благоприятный;-1
туристический;-1
питание;-1
бессодержательный;-1
выигрышный;-1
смаковать;-1
утопленный;-1
пульт;-1
реализовать;-1
городской;-1
недурно;-1
отсылать;-1
отказаться;-1
перемешивать;-1
сортирный;-1
грустить;-1
высоколобый;-1
звериный;-1
дополнение;-1
переставить;-1
храбрый;-1
непозволительный;-1
действительный;-1
цифровик;-1
написать;-1
отменять;-1
трехмерный;-1
приобретать;-1
приесться;-1
всеобщий;-1
засасывать;-1
живить;-1
выполнять;-1
вышеописанный;-1
инстинктивный;-1
образной;-1
подружиться;-1
смешивать;-1
гнилой;-1
начинка;-1
метровый;-1
довести;-1
сводить;-1
многоточие;-1
затрагивать;-1
возмутительный;-1
симпатизировать;-1
загораться;-1
удосужиться;-1
нетронутый;-1
вздрагивать;-1
ненатурально;-1
ведомый;-1
впечетлений;-1
свернуть;-1
пораженный;-1
дюйм;-1
каменный;-1
выдавать;-1
кошачий;-1
брать;-1
изначальный;-1
качаться;-1
мелодрама;-1
риторический;-1
наигранный;-1
онлайн;-1
настроение;-1
фронтальный;-1
восхититься;-1
макро;-1
чуть;-1
прерываться;-1
экзотический;-1
робкий;-1
негодный;-1
привести;-1
распознавать;-1
недешевый;-1
название;-1
драться;-1
печатать;-1
хроматический;-1
разочеровать;-1
мение;-1
фотк;-1
трахнуть;-1
комично;-1
преимущественно;-1
грядущий;-1
собирать;-1
фанатичный;-1
размер;-1
медицинский;-1
мрачность;-1
повернуться;-1
изучать;-1
метафизический;-1
перегреваться;-1
заменить;-1
примитивность;-1
привлечь;-1
переворот;-1
ужастный;-1
каково;-1
разьемой;-1
почище;-1
проявиться;-1
однажды;-1
оптика;-1
соотношение;-1
дааа;-1
залапывать;-1
перефразировать;-1
операционкий;-1
страх;-1
машинный;-1
неуправляемый;-1
равнозначный;-1
водить;-1
спецэффект;-1
напомнить;-1
трусливый;-1
лютый;-1
разбиваться;-1
опошленный;-1
занять;-1
жопа;-1
дерьмовый;-1
заменимый;-1
диагональ;-1
дальний;-1
перемещать;-1
денежный;-1
клиент;-1
цветок;-1
проникнутый;-1
появляться;-1
символизм;-1
коварный;-1
радужный;-1
приносить;-1
наспех;-1
трогающий;-1
назидательный;-1
управляемый;-1
удобнейший;-1
разлетаться;-1
село;-1
однотонный;-1
по-французски;-1
антивоенный;-1
пока;-1
знатный;-1
рискнуть;-1
подкопить;-1
одиноко;-1
продать;-1
эквалайзерый;-1
прожженный;-1
притормаживать;-1
касаться;-1
репортажной;-1
катить;-1
деваться;-1
игруха;-1
парадный;-1
редактировать;-1
потише;-1
растянуть;-1
желанный;-1
нарочно;-1
третьесортный;-1
многофункциональность;-1
блин;-1
минус;-1
запасть;-1
космоопера;-1
умственный;-1
цвет;-1
середнячок;-1
социально;-1
низкобюджетный;-1
манипуляция;-1
во-первых;-1
чехольчик;-1
жужжать;-1
влезть;-1
по-английски;-1
закосой;-1
указывать;-1
читать;-1
датчик;-1
танцевать;-1
джойстик;-1
положить;-1
движущий;-1
смениться;-1
любительница;-1
переживательный;-1
соответственно;-1
наличие;-1
пардон;-1
перекодировать;-1
навряд;-1
встать;-1
наступать;-1
проводить;-1
раскрытие;-1
рисовать;-1
сразить;-1
попозже;-1
простор;-1
вылезти;-1
кружиться;-1
линза;-1
подрать;-1
серенький;-1
нескучно;-1
бесшумно;-1
студенческий;-1
наугад;-1
дохнуть;-1
обманывать;-1
пиксельной;-1
отставать;-1
погодный;-1
включать;-1
бетонный;-1
компакт;-1
забить;-1
нижний;-1
телефонный;-1
память;-1
голливудский;-1
требующий;-1
признать;-1
вздумать;-1
потребоваться;-1
очаровашка;-1
телевизор;-1
нифига;-1
зверек;-1
притянуть;-1
самолюбование;-1
светосильный;-1
сорокалетний;-1
думающий;-1
отломаться;-1
парочка;-1
тонный;-1
энергично;-1
конкурент;-1
ковыряться;-1
скакать;-1
ночной;-1
хрустеть;-1
стиральный;-1
фрейдистский;-1
старческий;-1
произвольный;-1
пьющий;-1
предел;-1
доступ;-1
серость;-1
навзрыд;-1
телефончикий;-1
окунуться;-1
либеральный;-1
светочувствительный;-1
выделенный;-1
китовский;-1
выжить;-1
гулять;-1
панелька;-1
последовательность;-1
где-то;-1
теряющий;-1
забавлять;-1
обработка;-1
дизайн;-1
умудряться;-1
саундтрэк;-1
выпал;-1
штрих;-1
наступить;-1
старт;-1
оборачиваться;-1
улыбаться;-1
истерический;-1
починить;-1
наигранность;-1
удержаться;-1
тесный;-1
поломка;-1
настроиться;-1
разрывать;-1
внизу;-1
пытаться;-1
волноваться;-1
носить;-1
русификация;-1
мерцать;-1
вытащить;-1
лопата;-1
завуалированный;-1
посреди;-1
требовать;-1
обеспечивать;-1
безропотный;-1
возиться;-1
баланс;-1
уступающий;-1
раздумье;-1
хронологический;-1
непрекращающийся;-1
русифицированный;-1
жалость;-1
звучание;-1
блютузый;-1
переменный;-1
идейный;-1
приплести;-1
означать;-1
куда-нибудь;-1
катиться;-1
столкнуться;-1
говорить;-1
гротескно;-1
лопнуть;-1
зелененький;-1
обыгранный;-1
эфемерный;-1
впечатлиться;-1
новичок;-1
разряженный;-1
неохотно;-1
мнить;-1
многопользовательский;-1
подстроить;-1
симпатишный;-1
вдохновить;-1
тщеславие;-1
пересечение;-1
пролистывать;-1
отстраненный;-1
сладко;-1
выступать;-1
прогибаться;-1
чепуха;-1
помочь;-1
плотский;-1
любовь;-1
перерасти;-1
готический;-1
принимать;-1
небеса;-1
простецкий;-1
железо;-1
перекинуть;-1
яростный;-1
бродить;-1
запомнившийся;-1
класно;-1
научить;-1
шоколадный;-1
подражать;-1
запрятанный;-1
пристальный;-1
полежать;-1
ненависть;-1
выключенный;-1
обещать;-1
чтение;-1
выдумка;-1
бездарность;-1
неосознанно;-1
логически;-1
добродушный;-1
горячо;-1
оказываться;-1
габарит;-1
американизированный;-1
перебить;-1
отважный;-1
закомплексованный;-1
ужасать;-1
тупейший;-1
бодренький;-1
вперед;-1
произойти;-1
рутинный;-1
культурный;-1
убирать;-1
выскользнуть;-1
перечитанный;-1
догнать;-1
заряженный;-1
ложка;-1
задать;-1
шипеть;-1
заканчиваться;-1
пересчитать;-1
выша;-1
меломан;-1
по-дурацки;-1
раскрыться;-1
питать;-1
поразмышлять;-1
многообещающ;-1
взбалмошный;-1
заставка;-1
жесткость;-1
воедино;-1
короча;-1
разговор;-1
недоставать;-1
мотивированный;-1
добиться;-1
сказанный;-1
вдоволь;-1
буйный;-1
угрюмый;-1
ненатуральный;-1
содранный;-1
приближение;-1
подсвечивать;-1
трюк;-1
средства;-1
подключать;-1
скучища;-1
хотяб;-1
вновь;-1
мелодия;-1
ныне;-1
переименовать;-1
перечисление;-1
петь;-1
путешествовать;-1
подбор;-1
мигать;-1
ручка;-1
квадратик;-1
японский;-1
приоритет;-1
лживый;-1
безмятежный;-1
медленый;-1
исправный;-1
выдохнуться;-1
сюрреалистичный;-1
штамп;-1
квестой;-1
постичь;-1
скин;-1
стереотипный;-1
приевшийся;-1
мечтательный;-1
рассмешить;-1
мень;-1
ксеноновый;-1
поломаться;-1
пионерский;-1
подбирать;-1
безрезультатно;-1
печаль;-1
недельный;-1
продавать;-1
покоробить;-1
райский;-1
битный;-1
паче;-1
стенка;-1
экспрессивный;-1
зевота;-1
мохнатый;-1
ментальный;-1
регулировка;-1
занятой;-1
вдвое;-1
по-новому;-1
мафиозный;-1
укладываться;-1
подчас;-1
определение;-1
повесить;-1
аський;-1
философия;-1
вещица;-1
страстно;-1
глотать;-1
очарование;-1
творение;-1
групповой;-1
командный;-1
орало;-1
благодарить;-1
вылетать;-1
просто-таки;-1
начало;-1
латиноамериканский;-1
озабоченный;-1
понятый;-1
повзрослеть;-1
смысл;-1
здравомыслящий;-1
сабрин;-1
вспомогательный;-1
инетый;-1
пользоватся;-1
коридорный;-1
скандальный;-1
сюрприз;-1
нет-нет;-1
неловкость;-1
рассказик;-1
отвечать;-1
утруждать;-1
стиль;-1
декорация;-1
акум;-1
скорострельный;-1
сработать;-1
коктейль;-1
алчный;-1
пересесть;-1
надоедливый;-1
замечание;-1
комбинация;-1
хароший;-1
критиковать;-1
беззвучный;-1
пропасть;-1
разделять;-1
негритенок;-1
консервативный;-1
педантичный;-1
гиперболизировать;-1
отрывок;-1
романтика;-1
запись;-1
нечувствительный;-1
стихотворный;-1
гига;-1
финансовый;-1
прикраса;-1
крышечка;-1
прочь;-1
лимоновый;-1
насыщенно;-1
умалять;-1
раздражение;-1
похвалить;-1
фотиков;-1
по-человечески;-1
стекло;-1
злость;-1
перекос;-1
подразумевать;-1
перепутанный;-1
романный;-1
начинаться;-1
влитый;-1
единичный;-1
направо;-1
цена-качество;-1
метафора;-1
переделывать;-1
подсказывать;-1
опускать;-1
заносить;-1
разъем;-1
деть;-1
выпирать;-1
копать;-1
патологический;-1
кадр;-1
непоследовательный;-1
переврать;-1
зловещий;-1
наиболее;-1
претендующий;-1
гореть;-1
перенастроить;-1
разнести;-1
планировать;-1
жаждать;-1
дьявольский;-1
интересующийся;-1
разноцветный;-1
исправленный;-1
небытие;-1
боль;-1
бонус;-1
каяться;-1
утомить;-1
ущербный;-1
боком;-1
подешевле;-1
бессердечный;-1
присматриваться;-1
крикнуть;-1
богато;-1
скрипучий;-1
режиссерский;-1
